code,shortname,fullname,country
0006,StL Holland,Stena Line Holland BV,NL
0010,VR,VR-Yhtymä Oy,FI
0012,TRFSA,Transfesa Logistics SA,ES
0013,OSJD,OSJD,PL
0014,CWL,Compagnie des Wagons-Lits,FR
0015,RMF,Rail Manche Finance,GB
0016,RD,RAILDATA,CH
0017,ENS,European Night Services Ltd,GB
0018,THI Factory,THI Factory SA,BE
0019,Eurostar I,Eurostar International Limited,GB
0020,OAO RZD,Joint Stock Company 'Russian Railways',RU
0021,BC,Belarusian Railways,BY
0022,UZ,Ukrainski Zaliznytsi,UA
0023,CFM,Calea Ferată din Moldova,MD
0024,LTG,AB 'Lietuvos geležinkeliai',LT
0025,LDZ,Latvijas dzelzceļš,LV
0026,EVR,Aktsiaselts Eesti Raudtee,EE
0027,KTZ,Kazakhstan Temir Zholy,KZ
0028,GR,Sakartvelos Rkinigza,GE
0029,UTI,Uzbekistan Temir Yullari,UZ
0030,ZC,Railways of D.P.R.K.,KP
0031,UBTZ,Mongolian-Russian Joint-Stock Company “Ulaanbaatar railway”,MN
0032,DSVN,đường sắt Việt Nam,VN
0033,CR,Chinese Railways,CN
0041,HSH,Hekurudha Shqiptarë SH.A.,AL
0042,JR-E,East Japan Railway Company,
0043,GySEV/Raaberbahn,Győr-Sopron-Ebenfurti Vasút Zrt.,HU
0044,ŽRS,Željeznice Republike Srpske,BA
0050,ŽFBH,J.P. Željeznice Federacije BiH d.o.o.,BA
0051,PKP PLK S.A.,PKP Polskie Linie Kolejowe S.A.,PL
0052,NRIC,National Railway Infrastructure Company,BG
0053,CFR SA,Compania Naţională de Căi Ferate Române,RO
0054,SZCZ,"Správa železnic, statni organizace",CZ
0055,MÁV,Magyar Államvasutak Zrt.,HU
0056,ŽSR,Železnice Slovenskej Republiky,SK
0057,ADY,Azerbaidjan Railways CJSC,AZ
0058,CJSC SCR,South Caucasus Railway CJSC,AM
0059,KTJ,Kyrgyz Railways,KG
0060,CIE,Córas Iompair Éireann,IE
0061,KORAIL,Korea Railroad Corporation,KR
0063,BLS N,BLS Netz AG Infrastrukturmanager,CH
0064,FN,Ferrovienord S.p.A.,IT
0065,CFARYM-I,Makedonski Železnici Infrastructure-Skopje,MK
0066,TDZ,Tajikistan Railways,TJ
0067,TRK,Turkmenistan Railways,TM
0068,AAEC,AAE Ahaus Alstätter Eisenbahn Cargo AG,
0069,EUROT,EUROTUNNEL,FR
0070,Network Rail,Network Rail Limited,GB
0071,ADIF,Administrator de Infraestructuras Ferroviarias,ES
0072,IŽS,Infrastruktura Železnice Srbije,RS
0073,OSE,Organismos Sidirodromon Ellados,GR
0074,TRAFIKVERKET,Trafikverket,SE
0075,TCDD Taşımacılık A.Ş.,Türkiye Cumhuriyeti Devlet Demiryolları Taşımacılık Anonim Şirketi,TR
0076,BN,Bane NOR SF,NO
0077,FS EPA,Ferrovie dello Stato Italiane SpA EPA,IT
0078,HŽ-Infrastruktura,HŽ Infrastruktura d.o.o.,HR
0079,"SŽ - Infrastruktura, d.o.o.","Slovenske železnice - Infrastruktura, d.o.o.",SI
0080,DB InfraGO,DB InfraGO Aktiengesellschaft,DE
0081,ÖBB-Holding AG,ÖBB-Holding AG,AT
0082,CFL Infrastructure,Societé Nationale des Chemins de Fer Luxembourgeois,LU
0083,RFI ,Rete Ferroviaria Italiana SpA,IT
0084,ProRail,ProRail,NL
0085,SBB Infrastructure ,Swiss Federal Railways - Infrastructure,CH
0086,Banedanmark,Banedanmark (RailNet Denmark),DK
0087,SNCF Réseau,SNCF Réseau SA,FR
0088,Infrabel,Infrabel,BE
0090,ENR,Egyptian National Railways,EG
0091,SNCFT,Société Nationale des Chemins de Fer Tunisiens,TN
0092,SNTF,Société Nationale des Transports Ferroviaires,DZ
0093,ONCF,Office National des Chemins de Fer du Maroc,MA
0094,IP,Infraestruturas de Portugal S.A.,PT
0095,ISR,Israel Railways,IL
0096,RAI,Rahahan-e Djjomhouri-e Eslami Iran,IR
0097,CFS,Administration Générale des Chemins de fer Syriens,SY
0098,CEL,Lebanon Railways,LB
0099,IRR,Iraqi Republic Railways Establishment,IQ
0175,PASIFIK EURASIA DTI,PASIFIK EURASIA DEMIRYOLU TREN ISLETMECILIGI A.S. ,TR
0275,PASIFIK EURASIA LOJISTIK,PASIFIK EURASIA LOJISTIK DIS TICARET A.S.,TR
1001,EgroNet,Verkehrsverbund Vogtland GmbH.,DE
1012,TRFSR,Transfesa Logistics  S A,ES
1020,RZD holding,Russian Railways State Joint Company-Holding,RU
1033,CR holding,Chinese Railways-Holding,CN
1051,PKP,Polskie Koleje Państwowe Spółka Akcyjna,PL
1052,HOLDING BDZ,HOLDING BULGARIAN STATE RAILWAYS,BG
1062,ŽPCG,Željeznički prevoz Crne Gore AD,ME
1065,CFARYM-T,Makedonski Železnici Transport AD Skopje,MK
1071,Renfe,Renfe Operadora,ES
1073,HELLENIC TRAIN SA,HELLENIC TRAIN - Railway SA,GR
1074,ASJUA,Affärsverket Statens Järnväger,
1076,Vy,Vygruppen AS,NO
1079,"SŽ, d.o.o.","Slovenske železnice, d.o.o.",SI
1080,DB AG,Deutsche Bahn AG,DE
1084,NS holding,N.V. Nederlandse Spoorwegen,NL
1085,SBB AG,Schweizerische Bundesbahnen,CH
1086,DSB holding,Danske Statsbaner-Holding,DK
1088,SNCB/NMBS,Société nationale des chemins de fer Belges / Nationale Maatschappij der Belgische Spoorwegen,BE
1094,CP,"CP - Comboios de Portugal, E.P.E.",PT
1120,JSC 'FPC',Joint Stock Company 'FEDERAL PASSENGER COMPANY',RU
1124,LTG Link,UAB LTG Link,LT
1143,GYSEV Passenger,Győr-Sopron-Ebenfurti Vasút Zrt. Személyszállítás,HU
1151,PR ,Przewozy Regionalne Spółka z o.o.,PL
1152,BDZ PASSENGER,BULGARIAN STATE RAILWAYS PASSENGER,BG
1153,CFR Călători,Societatea Naţională de Transport Feroviar de Călători,RO
1154,ČD,"České dráhy, a.s.",CZ
1155,MÁV-Start,MÁV-Start Vasúti Személyszállító Zrt.,HU
1156,ZSSK,"Železničná spoločnosť Slovensko, a.s.",SK
1163,BLS P,BLS AG Personenverkehr,CH
1170,ATOC Ltd,Association of Train Operating Companies Limited,GB
1171,RENFE VIAJEROS,"RENFE VIAJEROS, S.A",ES
1172,SV,Srbija Voz a.d.,RS
1174,SJ,SJ AB,SE
1176,Entur,Entur AS,NO
1178,HŽ Putnički prijevoz d.o.o.,HŽ Putnički prijevoz d.o.o. za prijevoz putnika,HR
1179,"SŽ - Potniški promet, d.o.o.",Slovenske železnice - Potniški promet d.o.o.,SI
1180,DB Vertrieb GmbH,DB Vertrieb GmbH,DE
1181,ÖBB PV AG,ÖBB Personenverkehr AG,AT
1182,CFL Voyageurs,Société Nationale des Chemins de Fer Luxembourgeois.,LU
1183,TI,Trenitalia S.p.A.,IT
1184,NS International,NS International BV,NL
1185,SBB-Passengers,Swiss Federal Railways-Passenger subsidiary,CH
1186,DSB-Passenger,Danske Statsbaner-Passenger subsidiary,DK
1187,SNCF Voyages,SNCF Voyages,FR
1224,LTG Infra,AB LTG Infra,LT
1242,LTC Sp z.o. o,Logistics & transport Company Sp. Z.o. o,PL
1251,PKP Intercity,PKP Intercity S.A.,PL
1255,PKP CI SI ,PKP CARGO INTERNATIONAL SI d.o.o.,SI
1279,SŽ - Potniški promet,Slovenske železnice / Potniški promet d.o.o.,SI
1280,DB B I,DB Bahn Italia Srl,IT
1281,ÖBB,ÖBB- Personenverkehr AG,AT
1284,HSA,High Speed Alliance,
1285,SBB-EPA,Schweizerische Bundesbahnen SBB Division Voyageur,CH
1286,DSB-EPA,DSB - Passenger - Reservations issued via EPA,DK
1351,SKMT,PKP SKM w Trójmieście Spółka z o.o.,PL
1355,MAV START Zrt,MAV START Railway Passenger Transport Co.,HU
1385,SBB2,Schweizerische Bundesbahnen Personenverkehr,CH
1435,railML,railML.org e.V.,DE
1484,NS Reizigers,NS Reizigers BV,NL
1892,HVLEI,Havelländische Eisenbahn AG - Infrastruktur,DE
1923,Korfez Ulastirma,Korfez Ulastirma A.S.,TR
1971,SKPL,SKPL Cargo Sp. z o.o.,PL
1980,OVF,Omnibusverkehr Franken GmbH,
1988,CT,Cargo Train Sp. Z o.o.,PL
2080,DB Regio Bus,DB Regio AG Business Unit Bus ,DE
2124,LTG Cargo,AB LTG Cargo,LT
2125,LDZ Cargo,LDZ Cargo Ltd,LV
2126,Operail ,AS Operail ,EE
2131,BTEG,"""Boldtumur Eruu Gol"" LLC",MN
2132,NOEVOG,Niederosterreichische Verkehrsorganisationsges m.b.H.,AT
2133,CAT,City Air Terminal Betriebsgesellschaft m.b.H,AT
2134,Eurasian Railway Carrier ,Eurasian Railway Carrier SP zoo,PL
2135,CHT HB,"Chladek a Tintera Havlickuv Brod, a.s. ",CZ
2136,AXS,Axess Logistics AB,SE
2137,TDKPL,TDK Plus Sp. z o.o.,PL
2143,GYSEV CARGO,GYSEV CARGO Zrt.,HU
2144,H-KR,KOMPLEX RAILVasuti Szolgaltato Kft,HU
2151,PKP CARGO ,PKP Cargo Spółka Akcyjna in restructuring,PL
2152,BDZ CARGO,BULGARIAN STATE RAILWAYS CARGO,BG
2153,CFR Marfă,Societatea Naţională de Transport Feroviar de Marfă,RO
2154,ČDC,"ČD Cargo, a.s.",CZ
2155,RCH,Rail Cargo Hungaria Zrt.,HU
2156,ZSSK CARGO,"Železničná spoločnosť Cargo Slovakia, a.s.",SK
2162,MC,Montecargo AD,ME
2170,DBCUK,DB Cargo (UK) Ltd,GB
2171,RENFE MERCANCÍAS,"RENFE MERCANCÍAS, S.A",ES
2172,SK,Srbija Kargo a.d.,RS
2174,Green Cargo,Green Cargo AB,SE
2176,CargoNET AS,CargoNET AS.,
2178,HŽ-Cargo,HŽ Cargo d.o.o.,HR
2179,"SŽ - Tovorni promet, d.o.o.","Slovenske železnice - Tovorni promet, d.o.o.",SI
2180,DBCDE,DB Cargo AG,DE
2181,RCA,Rail Cargo Austria AG,AT
2182,CFL cargo,CFL cargo SA,LU
2183,MIR,Mercitalia Rail,IT
2184,DBCNL,DB Cargo Nederland N.V.,NL
2185,SBB Cargo,SBB CFF FFS Cargo,CH
2186,DBCSC,DB Cargo Scandinavia A/S,DK
2187,Fret SNCF,SAS Fret SNCF,FR
2188,LNS,Lineas,BE
2189,ACF,Administration des chemins de fer luxembourgeois,LU
2190,Pelkolan Terminaali ,Pelkolan Terminaali Oy,FI
2191,NOVACARB,NOVACARB SAS,FR
2192,CLR,Cargo Logistik Rail Service GmbH,DE
2193,Mondi Powerflute,Mondi Powerflute Oy,FI
2194,Medway,"MEDWAY - Operador Ferroviário e Logistico de Mercadorias, SA",PT
2195,ADRIA RAIL ,ADRIA RAIL doo ,HR
2196,Finngas,Finngas FGG GmbH Sivuliike Suomessa,FI
2197,CZD,ČESKÁ ZÁPADNÍ DRÁHA s.r.o. ,CZ
2198,TABOR Rail,TABOR Rail Sp. z o.o.,PL
2199,Hämeenlinnan kaupunki,Hämeenlinnan  kaupunki,FI
2243,Raaberbahn Cargo,Raaberbahn Cargo GmbH,AT
2248,ZUE ,ZUE SA,PL
2249,Naantalin Satama,Naantalin Satama oy,FI
2250,Tenutado ,Tenutado SK s.r.o.,SK
2251,PKP LHS,PKP Linia Hutnicza Szerokotorowa Spółka z o.o.,PL
2252,HaminaKotka Satama Oy,HaminaKotka Satama Oy / Port of HaminaKotka Ltd,FI
2253,Oiltanking Finland Oy,Oiltanking Finland  Oy,FI
2254,Ovako Imatra,Ovako Imatra Oy Ab,FI
2263,BLS N EVU,BLS Netz AG Eisenbahnverkehrsunternehmung,CH
2280,DBCITA,DB Cargo Italy Srl,IT
2282,CFL cargo Deutschland,CFL cargo Deutschland GmbH,DE
2285,Cargo SI (SBB),Cargo SI,
2287,CTI,Captrain Italia Srl,IT
2343,GYSEV Traction ,Győr-Sopron-Ebenfurti Vasút Zrt. Gépészet,HU
2380,DBCIT,DB Cargo Italia Srl,IT
2382,VIKING Rail ,VIKING Rail ApS,DK
2385,SBBCD,SBB Cargo Deutschland GmbH,DE
2387,CTB,Captrain Belgium NV,BE
2480,DB Fernverkehr,DB Fernverkehr AG,DE
2485,SBBCI,SBB Cargo Italia,IT
2580,DB Regio,DB Regio AG,DE
2585,SBBC Int,SBB Cargo International,CH
2800,TEKOL,TEKOL Sp z o.o.,PL
2813,ECCO PL,ECCO Rail Sp Z.o.o.,PL
2910,VR-Track,VR-Track Ltd,FI
3000,BCC,Bureau Central de Clearing,BE
3001,Eurofima,European Company for the Financing of Railroad Rolling Stock,CH
3002,Eurail GIE,Eurail Group GIE,NL
3003,CER,Community of European Railways,BE
3005,BTS,Baltijas Tranzita Serviss AG,LV
3006,BE,"JSC ""Baltijas Ekspresis""",LV
3007,CIT,Comité international des transports ferroviaires,CH
3008,StL UK,Stena Line UK Ltd,GB
3009,SERVTRANS,SERVTRANS Invest SA,RO
3010,KEG,Karsdorfer Eisenbahngesellschaft mbH,
3011,UIC,International Union of Railways,FR
3012,BSB,Bodensee-Schiffsbetriebe GmbH,DE
3013,UED,UED Uckermärkische Eisenbahn Dienstleistungs GmbH,DE
3014,DFG SpA,Del Fungo Giera SpA,
3015,BYB,BayernBahn Betriebsgesellschaft mbH,DE
3016,evb,EVB Elbe-Weser GmbH,DE
3017,CBB,Centralbahn AG,CH
3018,THI,Thalys International,BE
3019,GFR,Grup Feroviar Român SA,RO
3020,HGK,Häfen und Güterverkehr Köln AG,DE
3021,EUROGATE Rail Hungary Zrt,EUROGATE Rail Hungary Szolgáltató Zártkörűen Működő Részvénytársaság,HU
3022,SNCC,Société Nationale des Chemins de Fer du Congo,CD
3023,STLB,Steiermärkische Landesbahnen,AT
3024,MMV,Magyar Magánvasút Zrt.,HU
3025,A-Train AB,A-Train AB,SE
3027,Länstrafiken,Länstrafiken i Norrbotten AB,SE
3028,Narvik,Visit Narvik,NO
3029,Viking Line,Viking Line Abp,FI
3030,GVG,Georg Verkehrsorganisation GmbH,DE
3031,J.P.F.T.,Joopar Passenger & Freight Trains co.,IR
3032,VPE,Vasúti Pályakapacitás-elosztó Kft.,HU
3033,QR,Queensland Rail,
3034,SLB,Salzburger Lokalbahn AG,
3035,MBS,Montafonerbahn AG,AT
3036,GKB,Graz-Köflacher Bahn und Busbetrieb GmbH,AT
3037,ZV,Zillertaler Verkehrsbetriebe AG,AT
3039,WLC,Wiener Lokalbahnen Cargo GmbH,AT
3041,REG-Eurail,Rail Europe Group Inc,US
3042,RE4A-Eurail,Rail Europe 4A SNC,FR
3043,Treinreiswinkel,Treinreiswinkel B.V.,NL
3044,CIT-Eurail,International Transport Srl,
3045,ACP-Eurail,ACP Marketing Canada Inc.,CA
3046,GTA-Eurail,Gullivers Travel Associates,
3047,FLC-Eurail,Flight Centre Ltd,
3048,STA Travel,STA Travel International Ltd,GB
3049,StL Scand,Stena Line Scandinavia AB,
3050,Vy Tag,Vy Tag AB ,SE
3051,Snälltåget,Snälltåget i Sverige,SE
3052,LCR,Low Cost Rail SA,ES
3053,Softrans,Softrans Srl,RO
3054,Locon,Locon Logistik & Consulting AG,DE
3055,MEG,Mitteldeutsche Eisenbahn GmbH,DE
3056,SŽDS,"Slovenská železničná dopravná spoločnosť, a.s.",SK
3057,BMRC,Bulmarket Rail cargo Ltd,BG
3058,IGE GmbH & Co.KG,Internationale Gesellschaft für Eisenbahnverkehr,DE
3059,EH Güterverkehr,EH Güterverkehr GmbH,DE
3060,VTR Rail ,VTR Rail B.V.,NL
3061,Valkeakosken kaupunki,Valkeakosken  kaupunki,FI
3062,ATTICA Group International lines,Blue Star Ferries Maritimes S.A. & Co Joint Venture.,GR
3063,RTS,RTS Rail Transport Service GmbH,AT
3064,ATTICA Group Domestic lines,Blue Star Ferries Maritimes S.A. & Co Joint Venture,GR
3066,Seafrance,Seafrance,
3067,RLG,Regionalverkehr Ruhr-Lippe GmbH,DE
3068,WLE,Westfälische Landes-Eisenbahn GmbH,DE
3069,RVM,Regionalverkehr Münsterland GmbH,DE
3070,MWB,Mittelweserbahn GmbH,DE
3071,EVG,Eifelbahn Verkehrsgesellschaft mbH,DE
3072,VPS,Verkehrsbetriebe Peine-Salzgitter GmbH,DE
3073,RHEB,Rheinhessische Eisenbahn GmbH,
3074,AS,Aktsiaselts Spacecom,EE
3075,JLT,"Region Jönköpings län, Jönköpings länstrafik",SE
3076,Transdev,Transdev GmbH ,DE
3077,WGT,Westgate Transport OÜ,EE
3079,CISALPINO,Cisalpino AG,
3080,LOKORAIL,"LOKORAIL, a.s.",SK
3081,ERS Railways,ERS Railways B.V.,NL
3083,TIM Rail,Tim Rail Eisenbahngesellschaft mbH,
3084,HTRSN,HTRS Nederland BV,
3085,CER CO,Central European Railway CO,HU
3086,DBV-ITL,"DBV-ITL, s.r.o.",CZ
3087,BASF AG,BASF Aktiengesellschaft,DE
3088,SNCB,SNCB Holding Belgium National Railways,
3089,Freightliner,Freightliner PL Spółka z o.o.,PL
3090,HUPAC S.p.A,Hupac SpA,IT
3091,GATX,GATX Rail Poland Spólka z o.o.,
3093,ITL,ITL Eisenbahngesellschaft mbH,DE
3094,TSS,"Traťová strojní společnost, a.s.",CZ
3095,Arriva,Arriva Nederland,NL
3096,DBCCH,DB Cargo Schweiz GmbH,CH
3098,BRC,Bulgarian Railway Company AD,BG
3099,Rail4Captrain,Rail4Captrain GmbH,
3100,DBCPL,DB Cargo Polska Spółka Akcyjna,PL
3101,Viamont,Viamont a.s.,
3103,Koltar,"Grupa Azoty ""KOLTAR"" Sp. z o.o.",PL
3105,LOTOS Kolej,LOTOS Kolej Spółka z o.o.,PL
3106,BARTER,BARTER S.A.,PL
3107,PSZ,"Prvá Slovenská železnicná, a.s.",SK
3108,"LogServ,",Logistik Service GmbH..,
3109,FTA,Finnish Transport Agency,FI
3110,CEMET,CEMET S.A,
3111,TC,Transchem Spółka z o.o.,PL
3112,BRKS,Bratislavská regionálna kolajová spolocnost,
3113,Rail Polska,Rail Polska Sp. z o.o.,PL
3114,CTL Logistics GmbH,CTL Logistics GmbH,DE
3115,UNIDO,ORLEN Unipetrol Doprava s.r.o.,CZ
3116,"RCO,",RCO Spólka Akcyjna,
3117,RC-CF TRANS,SC. RC-CF Trans SRL. BRASOV,RO
3118,AG EMS,Aktien-Gesellschaft 'EMS',DE
3119,Masped Rail Cargo Zrt.,Masped Rail Cargo Magánvasút Zrt.,
3120,BOBO Corporation,"BOBO Vehicle Repair, Industrial, Trading and Supplier Corporation",HU
3121,RSCO,Rolling Stock Company S.A.,RO
3123,Eurocom,Eurocom Zrt.,
3124,TRAIN HUNGARY Kft.,TRAIN HUNGARY Magánvasút Kft.,HU
3125,RM LINES,"RM LINES, a.s.",CZ
3126,Öresundtåg,"Skånetrafiken, Region Skåne",SE
3127,HSL,HSL Logistik GmbH,DE
3128,INRAIL,INRAIL S.p.A.,IT
3129,CTL Logistics,CTL Logistics Spółka z o.o.,PL
3130,AS GoRail,AS GoRail,EE
3131,PMTLU,Pol-Miedź Trans Spółka z o.o.,PL
3132,CTV,SC Cargo Trans Vagon SA,RO
3133,PKPCI HU,PKP CARGO INTERNATIONAL HU Zrt. ,HU
3134,RR,Regio Rail,
3135,HanseCom,HanseCom GmbH,DE
3136,PPMT Sp. z o.o. w Gdańsku,Pomorskie Przedsiębiorstwo Mechaniczno-Torowe Sp. z o.o. w Gdańsku,PL
3137,Mávépcell,Mávépcell Mély-Magas-és Vasútépíto Kft.,
3138,RCCIT,Rail Cargo Carrier Italy Srl,IT
3139,UTC AD,Unitranscom AD,BG
3140,LEG,LEG Leipziger Eisenbahnverkehrsgesellschaft mbH,DE
3141,SNCB - NS Reizigers,SNCB Passengers International & NS Reizigers,BE
3142,IDS CARGO,IDS CARGO a.s.,CZ
3143,Europorte France,Europorte France,FR
3144,STK,STK S.A.,PL
3145,PKPCI,PKP CARGO INTERNATIONAL a.s.,CZ
3146,DBCRO,Deutsche Bahn Cargo Romania SRL,RO
3147,EXSK,"Express Group, a.s.",SK
3148,ODOS,"Ostravská dopravní společnost, a.s.",CZ
3149,SPRINGMASTER,SPRINGMASTER,ZA
3150,PCC Intermodal S.A.,PCC Intermodal Spółka Akcyjna,PL
3151,KM,'Koleje Mazowieckie-KM' Sp. z o.o.,PL
3152,AMEH Trans,ArcelorMittal Eisenhüttenstadt Transport GmbH,DE
3153,WIENER LINIEN,WIENER LINIEN GmbH & Co KG,AT
3154,UTZ,SC UNICOM TRANZIT SA,RO
3155,RVF,Regio-Verkehrsverbund Freiburg GmbH,DE
3156,ZIK,Zakład Inżynierii Kolejowej Sp. z o. o.,PL
3157,LM,Lokomotion Gesellschaft für Schienentraktion mbH,DE
3158,RTC,Rail Traction Company SpA,IT
3159,LFP PERTHUS,Linea FiguerasPerpignan SA,ES
3160,LTE SK,LTE Logistik a Transport Slovakia s.r.o.,SK
3161,LTE CZ,LTE Logistik a Transport Czechia s.r.o.,CZ
3162,RCCDE,Rail Cargo Carrier Germany GmbH,DE
3163,PoRha,Pohjois-Suomen Rautatieharrastajat ry,FI
3164,agilis V,agilis Verkehrsgesellschaft mbH & Co. KG,DE
3165,ODEG,ODEG Ostdeutsche Eisenbahn GmbH,DE
3166,TZD CZ,TCHAS ŽD s.r.o.,CZ
3167,H-MTMG,MTMG Logisztikai Zrt.,HU
3168,SMD,SLEZSKOMORAVSKÁ DRÁHA a.s.,CZ
3169,BFL,BF Logistics s.r.o.,CZ
3170,ADT,Adria Transport d.o.o.,SI
3171,LTB,LOKO TRANS s.r.o.,CZ
3172,CHT a.s.,Chládek & Tintěra a.s.,CZ
3173,HVM1009 Oy,Höyryveturimatkat 1009 Oy,FI
3174,T-R,TOMI-REMONT a.s.,CZ
3175,SZD,Slezské zemské dráhy,
3176,JARO,JARO Česká Skalice s.r.o.,CZ
3177,Destia,Destia Rail Oy,FI
3178,RNE,RailNetEurope,AT
3179,RF,S.C. RAIL FORCE S.R.L.,RO
3180,CLIP Intermodal,CLIP Intermodal Sp. Z.o.o.,PL
3181,TFG,SC TRANSFEROVIAR GRUP SA,RO
3182,N+N Litoměřice,"N+N - Konstrukce a dopravní stavby Litoměřice, s.r.o.",CZ
3183,PmHvy,Pieksämäen Höyryveturiyhdistys ry,FI
3184,KMOY,Keitele-Museo Oy,FI
3185,ROFERSPED,S.C. ROFERSPED S.A.,RO
3186,Keyrail,Keyrail B.V.,
3187,DBCFR,DB Cargo France SAS ,FR
3189,ARV,"ARRIVA vlaky, s.r.o.",CZ
3190,ŽICG AD-Podgorica,Željeznička infrastruktura Crne Gore AD-Podgorica,ME
3191,HMVY,Haapamäen museoveturiyhdistys ry,FI
3192,BCB,Bayerische CargoBahn GmbH,
3193,TAE,Transalpin Eisenbahn AG,CH
3194,RBB,Regiobahn Bitterfeld Berlin GmbH,DE
3195,CCW,Captrain Deutschland CargoWest GmbH,DE
3196,SFL AB,Scandfibre Logistics AB,
3197,VT,Västtrafik AB,SE
3198,EOS UPTRADE,EOS UPTRADE GmbH,DE
3199,DE,Dortmunder Eisenbahn GmbH,DE
3200,HTRS Süd,HTRS Süd GmbH,DE
3201,MT,"METRANS, a.s.",CZ
3202,SSB AG,Stuttgarter Straßenbahnen AG,DE
3203,CR,Crossrail AG,CH
3204,PMR,Porvoon Museorautatie ry,FI
3205,EURORAIL,EURORAIL NV/SA,BE
3206,RITAL,Rail Italia Srl,
3207,MTR,METRANS Rail s.r.o.,CZ
3208,HRAB,Hector Rail AB,SE
3209,MTRD,METRANS Rail (Deutschland) GmbH,DE
3210,VTR,S.C. Vest Trans Rail S.R.L.,RO
3211,TSZO S.A.,Tabor Szynowy Opole Spółka Akcyjna,PL
3212,KP,Kombinovani Prevoz d.o.o.,RS
3213,HVV,Hamburger Verkehrsverbund GmbH,DE
3214,PNI SP. z o.o.,Przedsiębiorstwo Napraw Infrastruktury Spółka z Ograniczoną Opdowiedzialnością,PL
3215,LNFF,Lineas (FF),BE
3216,Trenitalia FR,Trenitalia France,FR
3217,GTF,SC GRUP TRANSPORT FEROVIAR SA,RO
3218,JHMD,"Jindřichohradecké místní dráhy, a.s.",CZ
3219,M.L.,MINOAN LINES S.A.,GR
3220,LINEASFR,LINEAS France,FR
3221,CRO,Crossrail Italia Srl,IT
3222,MTD,"METRANS /Danubia/, a.s.",SK
3223,HSL Logistik,HSL Logistik B.V.,NL
3224,Strabag a.s.,Strabag Rail a.s.,CZ
3225,Baltic Rail,BALTIC PORT RAIL MUKRAN GmbH,DE
3226,LINZ LINIEN GmbH,LINZ LINIEN GmbH für öffentlichen Personenverkehr,AT
3227,EPC,Europorte Channel,FR
3228,MVA,Magyar Vasúti Áruszállító Kft.,HU
3229,RNV GmbH,Rhein-Neckar-Verkehr GmbH,DE
3230,Die Länderbahn ,Die Länderbahn GmbH DLB,DE
3231,DBCHU,DB Cargo Hungária Kft.,HU
3232,VTG GmbH,VTG Deutschland GmbH,
3233,CPTF,CAPTRAIN France,FR
3234,DeltaRail,DeltaRail GmbH,DE
3235,PHU Lokomotiv Bronisław Plata,PHU Lokomotiv Bronisław Plata,PL
3236,WESTbahn,WESTbahn Management GmbH,AT
3237,ERMEWA,ERMEWA SAS,FR
3238,Arriva RP Sp. z o.o.,Arriva RP Spółka z ograniczoną opdowiedzialnością,PL
3239,RBH,RBH Logistics GmbH,DE
3240,TWA,TRANSWAGGON AG,CH
3241,RSRD²,RSRD² asbl,BE
3242,Colas Rail,S.A. Colas Rail Agence Fret,FR
3243,üstra AG,üstra Hannoversche Verkehrsbetriebe AG,DE
3244,LE,LEO Express Global a.s.,CZ
3245,CDCPL,CD Cargo Poland Sp. z .o.o.,PL
3246,RJ,Regiojet a.s. (CZ),CZ
3247,DBCBG,DB Cargo Bulgaria EOOD,BG
3248,HSL PL,HSL Sp. Z.o.o.,PL
3249,NBE,NBE nordbahn Eisenbahngesellschaft mbH & Co. KG,DE
3250,CER Slovakia,CER Slovakia a.s.,SK
3251,Scandlines AB,Scandlines AB,SE
3252,KD,Koleje Dolnośląskie S.A.,PL
3253,KW,Koleje Wielkopolskie Sp. z o.o.,PL
3254,HKX,Hamburg-Köln-Express GmbH,DE
3255,RLL,RailLog s.r.o.,SK
3256,ELIPSOS,ELIPSOS INTERNACIONAL ,ES
3257,BRYNTIN,BRYNTIN RAIL CZ s.r.o.,
3258,metronom,metronom Eisenbahngesellschaft mbH ,DE
3259,RSE,RSE Rhein-Sieg-Eisenbahn GmbH,DE
3260,S Rail DOO,S Rail DOO Subotica,RS
3261,S&K TT,S&K Train Transport Sp. z o.o.,
3262,Rdx,Raildox GmbH & Co. KG,DE
3263,TSS GRADE,TSS GRADE a.s.,SK
3264,MTEG,Muldental-Eisenbahnverkehrsgesellschaft mbH,DE
3265,AHD,"Rail system, s.r.o.",CZ
3266,RETROLOK,RETROLOK s.r.o.,CZ
3267,RhB,Rhätische Bahn AG,CH
3268,Holding Graz,Holding Graz - Kommunale Dienstleistungen GmbH,AT
3269,GJW,GJW Praha spol. s.r.o.,CZ
3270,TN,Trenord Srl,IT
3271,RPA,METRANS Railprofi Austria,AT
3272,ZSB,"OHL ŽS, a.s.",CZ
3273,RTXX,Railtraxx,BE
3274,S-Bahn Berlin,S-Bahn Berlin GmbH,DE
3275,HOCHBAHN,Hamburger Hochbahn AG,DE
3276,LNSI,Lineas (Intermodal),BE
3277,CRW,CENTRAL RAILWAYS a.s.,SK
3278,CIECH,CIECH Cargo Sp z oo,PL
3279,RMV,Rhein-Main-Verkehrsverbund GmbH,DE
3280,SAD,SAD Trasporto Locale SpA,IT
3281,RTI,"Railtrans International, a.s.",SK
3282,IVB,Innsbrucker Verkehrsbetriebe und Stubaitalbahn GmbH,AT
3283,EPC,EP Cargo a.s.,CZ
3284,VBK GmbH,Verkehrsbetriebe Karlsruhe GmbH,DE
3285,VTG RL DEU,VTG Rail Logistics Deutschland GmbH,DE
3286,Retrack,Retrack Germany GmbH,DE
3287,Amtrak,National Railroad Passenger Corporation,US
3288,GWTR,GW Train Regio a.s.,CZ
3289,E.R.S.,Estonian Railway Services,EE
3290,Chemion Logistik,Chemion Logistik GmbH,DE
3291,RheinCargo,RheinCargo GmbH & Co. KG,DE
3292,RTBC,RTB Cargo GmbH,DE
3293,TS,Trainsport NV,BE
3294,Botniatåg,Botniatåg AB,SE
3295,FlixMobility,FlixMobility GmbH,DE
3296,IGT,Inbetriebnahmegesellschaft Transporttechnik mbH,DE
3297,RATARAHTI,Ratarahti Oy,FI
3298,SRG,Saar Rail GmbH,DE
3299,STBAT,Steiermarkbahn Transport und Logistik GmbH,AT
3300,ecco-rail,ecco-rail GmbH,AT
3301,LTE-NL,LTE Netherlands BV,NL
3302,RONE,Rail One S.p.A,IT
3303,RCCHU,Rail Cargo Carrier Nemzetközi Árufuvarozási Korlátolt Felelősségű Társaság,HU
3304,LTE,LTE Logistik- und Transport-GmbH,AT
3305,LTE Hungaria Kft.,LTE Hungaria Vasuti Arufuvarozo es Logisztikai Kft.,HU
3306,VOR,Verkehrsverbund Ost-Region (VOR) GmbH,AT
3307,DLA,Dolnośląskie Linie Autobusowe Sp. z o.o.,PL
3308,TXL,TX Logistik AG,DE
3309,StH,Stern & Hafferl Verkehrsgesellschaft m.b.H.,AT
3310,RTB CargoNL,RTB Cargo Netherlands BV,NL
3311,KOMSOR,Maanrakennus- ja erillisurakointi Komsor Oy,FI
3312,Ticex GmbH,Ticex GmbH,DE
3313,LTSB,LOKOTRANS SERVIS s.r.o.,CZ
3314,BVG,Berliner Verkehrsbetriebe (AöR),DE
3315,CargoServ,Cargo Service GmbH,AT
3316,AVG,AVG Augsburger Verkehrsgesellschaft mbH,DE
3317,BTS,"BULK TRANSSHIPMENT SLOVAKIA, a.s.",SK
3318,MVV,Münchner Verkehrs- und Tarifverbund GmbH,DE
3319,Fox,FOXrail Zrt.,HU
3320,TSS C,TSS Cargo,CZ
3321,MVG,Münchner Verkehrsgesellschaft mbH,DE
3322,REGIOTRANS,SC Regiotrans SRL Brasov,RO
3323,HVLE,Havelländische Eisenbahn AG,DE
3324,PDVR,PDV Railways,CZ
3325,SART a.s.,SART - stavby a rekonstrukce a.s.,CZ
3326,Rail & Sea NV,RAIL & SEA NV - Belgium,BE
3327,SREq,Strukton Rail Materieel BV,NL
3328,Xrail,Xrail S.A.,BE
3329,PCW,Siemens Mobility GmbH ,DE
3330,TRC,SC TIM Rail Cargo SRL,RO
3331,Kolprem Sp. zo. o.,Przedsiębiorstwo Uslug Kolejowych Kolprem Sp. z o. o.,PL
3332,KŽC,KŽC Doprava s.r.o.,CZ
3333,ProLok,ProLok GmbH,DE
3334,CZL,"CZ Logistics, s.r.o.",CZ
3335,LOCON BNL,LOCON BENELUX B.V.,
3336,SGJW,SGJW Hradec Kralové spol. s r.o.,CZ
3337,RRI,Rhenus Rail St. Ingbert GmbH,DE
3338,OHE Cargo,OHE Cargo GmbH,DE
3339,HPA,Hamburg Port Authority,DE
3340,CFRBF,CFR - Cie Ferroviaire Regionale,FR
3341,USRS,US RS s.r.o.,SK
3342,VöV,Verband öffentlicher Verkehr,CH
3343,CLL Sp.z.o.o.,CENTRUM LOGISTYCZNE W ŁOSOŚNEJ Spółka z o.o.,PL
3344,ARA,Afghanistan Railway Authority,AF
3345,OPTIS,OPTISPED,
3346,Standard Logistic,Standard Logistic d.o.o.,RS
3347,"RTLOG,",Rail Time Logistics GmbH.,
3348,VBN,Verkehrsverbund Bremen/Niedersachsen GmbH (VBN),DE
3349,TCL Serbia,Trans Cargo Logistic doo Beograd (Novi Beograd),RS
3350,ITAB,Inlandsbanan Turism AB,SE
3351,Easmar,Easmar Logistics Oy,FI
3352,LTE RO,LTE-RAIL ROMANIA S.R.L.,RO
3353,BLG RT,BLG RailTec GmbH,DE
3354,SWIEHU,Swietelsky Vasúttechnika Kft.,HU
3355,Austrian Airlines,Austrian Airlines AG,AT
3356,BLSC,BLS Cargo AG,CH
3357,GBRf,GB Railfreight Limited,GB
3358,Euronaft Trzebinia,Euronaft Trzebinia Sp. z o.o.,PL
3359,ORLEN KolTrans,ORLEN KolTrans Sp. z o.o.,PL
3360,MH-spedition,"MH-spedition, s.r.o",CZ
3361,Puš,Puš s.r.o.,CZ
3362,Inter Cargo,Inter Cargo Sp. z o.o.,PL
3363,STRABAG,STRABAG Rail GmbH,DE
3364,MTH,METRANS Danubia Kft.,HU
3365,RCCSK,Rail Cargo Carrier - Slovakia s.r.o.,SK
3366,MBMR,MBM rail s.r.o.,CZ
3367,OT Rail,OT Rail Sp. z o.o.,PL
3368,OCEANOGATE,OCEANOGATE Italia S.P.A.,IT
3369,FEHÉRVILL-ÁM Kft,"FEHÉRVILL-ÁM Villamosenergia-ipari Szerelo, Kereskedelmi es Szolgaltato Korlatolt Felelossegu Tarsasag",HU
3370,RRF,Rotterdam Rail Feeding B.V.,NL
3371,LWB,Lubelski Wegiel Bogdanka S.A.,PL
3372,SBTDT,Subterra a.s.,CZ
3373,SRTAG,Swiss Rail Traffic AG,CH
3374,MIST,MERCITALIA Shunting & Terminal S.r.l.,IT
3375,BE AG,Bentheimer Eisenbahn AG,DE
3376,EBS,Erfurter Bahnservice GmbH,DE
3377,RCC-DE,Rail Cargo Carrier - Germany GmbH,DE
3378,IVU,IVU Traffic Technologies AG,DE
3379,FUC,Società Ferrovie Udine - Cividale s.r.l.,IT
3380,Spedition,Salzburger Eisenbahn TransportLogistik GmbH,DE
3381,CRSHU,Continental Railway Solution Kft.,HU
3382,NAVIBULGAR,Navigation Bulgar Maritime,BG
3383,VARNAFERRY,VARNAFERRY LTD,BG
3384,EGP,Eisenbahngesellschaft Potsdam mbH,DE
3385,FERFI,Fenniarail Oy,FI
3386,YRW,JSC Yamal Railway Company,RU
3387,KTI,KTI-Urakointi AY,FI
3388,AO AK YRW,AO AK Yakutia Railways,RU
3389,OOO UKRFERRY,OOO Shipping Company UKRFERRY,UA
3390,FERTAGUS,"FERTAGUS, Travessia do Tejo, Transportes, S.A.",PT
3391,SNCF Materiel,SNCF MOBILITES Materiel,FR
3392,highQ,highQ Computerlösungen GmbH,DE
3393,SVDE,SNCF Voyages Deutschland GmbH,DE
3394,Captrain Polska Sp. z o.o.,Captrain Polska Spotka 2 Ograniczona Odpowiedzialnoscia,PL
3395,Weco,Weco Rail GmbH,AT
3396,DB Fernverkehr,DB Fernverkehr AG,DE
3397,Eurotrans,Eurotrans Sp.z o.o.,PL
3398,RRFR,RegioRail France SAS,FR
3399,ANLOG,ANDREX-LOGISTICS,PL
3400,boxXpress,boxXPress.de GmbH,DE
3401,Rfl,Rail for London,
3402,NR HS,Network Rail High Speed,GB
3403,FT,Flytoget AS,NO
3404,H-Karp,KÁRPÁT Vasút Kft.,HU
3405,Captrain Portugal ,Captrain Portugal SA,PT
3406,GPMR,Grand Port Maritime de Rouen,FR
3407,CTR,"CityRail, a.s.",CZ
3408,Edikt,Edikt a.s.,CZ
3409,Ferrovial Railway,"Ferrovial Railway, S.A.",ES
3410,IntEgro,IntEgro Verkehr GmbH,DE
3411,RCO CSKD,Rail Cargo Operator - CSKD s.r.o.,CZ
3412,GPMB,Grand Port Maritime de Bordeaux,FR
3413,GPMM,Grand Port Maritime de Marseille,FR
3414,PSP RO,PSP  Cargo Group SA,RO
3415,VAG,VAG Verkehrs-Aktiengesellschaft Nürnberg,DE
3416,Raillogix,Raillogix B.V.,NL
3417,FSP,CER-FERSPED SA,RO
3418,TRANSPORTSERVIS,TRANSPORTSERVIS a.s,CZ
3419,Trainservices,Trainservices B.V.,NL
3420,Goldenes Glied,Goldenes Glied Eisenbahn,
3421,BMB,Bahndienste GmbH,DE
3422,GPMH,Grand Port Maritime du Havre,FR
3423,CROBE,CROSSRAIL BENELUX NV,BE
3424,VD,VÍTKOVICKÁ DOPRAVA a.s.,CZ
3425,VIALTE,VIALTE s.r.o.,SK
3426,BVGHT,B.Verkehrsbetriebe HT,DE
3427,VAL,ÖBB-Postbus GmbH - Vienna Airport Lines,AT
3428,LTE-DE,LTE Germany GmbH,DE
3429,SVV,Salzburger Verkehrsverbund GmbH,AT
3430,ERE,Eiffage Rail Express SAS,FR
3431,ŽS a.s. Košice,Železničné Stavby a.s. Košice,SK
3432,TX AT,TX Logistik Transalpine GmbH,AT
3433,CARGOTOR,CARGOTOR Sp. z o.o,PL
3434,KRE,KombiRail Europe B.V.,NL
3435,ETF ,ETF Services,FR
3436,LISEA,Ligne à Grande Vitesse Sud Europe Atlantique,FR
3437,Spedkol,DB Cargo Spedkol Sp. o z.z.,PL
3438,Sundström,Sundström Ab Oy,FI
3439,JSK Sp Z.o.o.,Jastrzębska Spółka Kolejowa Sp. z o.o.,PL
3440,evb Infrastruktur,Eisenbahnen und Verkehrsbetriebe Elbe-Weser GmbH-Infrastruktur,DE
3441,LO,Liberty Ostrava a.s.,CZ
3442,VCS,Vápenka Čertovy schody a.s.,CZ
3443,PIMK Rail,PIMK Rail PLS,BG
3444,GPMD,Grand Port Maritime de Dunkerque,FR
3445,DBCCZ,DB Cargo Czechia s.r.o,CZ
3446,VAVI,VÁPENKA VITOŠOV s.r.o.,CZ
3447,LVCH,"Lovochemie, a.s.",CZ
3448,STC,Switzerland Travel Center Ltd,GB
3449,TXL Italia,TX Logistik Transalpine GmbH – Sede secondaria italiana,IT
3450,MTZ SOSC,Mongolian Railway State Owned Shareholding Company,MN
3451,FT SpA,Ferrotramviaria SpA,IT
3452,MSR,Mors Smitt France,FR
3453,MVB,Magdeburger Verkehrsbetriebe GmbH & Co. KG,DE
3454,TT,Trentino Trasporti SPA,IT
3455,TFT S.p.A.,Trasporto Ferroviario Toscano S.p.A.,IT
3456,LFI S.p.A.,La Ferroviario Italiana S.p.A.,IT
3457,Rail&Sea Croatia,Rail & Sea d.o.o.,HR
3458,GTT,Gruppo Torinese Trasporti,IT
3459,Infra Silesia,Infra Silesia S.A.,PL
3460,Fergargano,Ferrovie del Gargano S.r.l.,IT
3461,Integrail Zrt.,Integrail Zártkörüen Mukodo Részvénytársaság,HU
3462,BI,Busitalia Sita Nord s.r.l.,IT
3463,AIR,ARRIVA Italia Rail S.r.l.,IT
3464,GCA,Grampetcargo Austria GesmbH,AT
3465,OÖVG,OÖ Verkehrsverbund-Organisations GmbH Nfg. & Co KG,AT
3466,WRS AG,WRS Widmer Rail Services AG,CH
3467,SUAS,"Sokolovská uhelná, právní nástupce, a.s.",CZ
3468,Cservices,Coal Services a.s.,CZ
3469,Naldo,Verkehrsverbund Neckar-Alb-Donau GmbH (naldo),DE
3470,NTV SPA,Nuovo Trasporto Viaggiatori SpA,IT
3471,TR,TR Trans Rail AG,CH
3472,HLG,Holzlogistik & Güterbahn GmbH,DE
3473,EXFO,Express Forwarding S.R.L.,RO
3474,RCLG,Rail Cargo Logistics Goldair SA,GR
3475,HELPORT,Port of Helsinki LTD,FI
3476,KBSA,Kolej Bałtycka S.A.,PL
3477,Port of Pori,Porin Satama Oy,FI
3478,Turun Satama,Turun Satama Oy,FI
3479,Neste,Neste Oyj,FI
3480,RaahePort,Raahen Satama Oy,FI
3481,PAS,Port Autonome de Strasbourg ,FR
3482,FuoriMuro SrL,FuoriMuro Impresa Ferroviara S.r.L.,IT
3483,LTE PL,LTE Polska Spółka z o.o. ,PL
3484,Port of Kokkola ,Kokkolan Satama Oy,FI
3485,GDG,Gunvor Deutschland GmbH,DE
3486,NR Rail,NR Rail Oy,FI
3487,Salzburg AG ,"Salzburg AG für Energie, Verkehr und Telekommunikation",AT
3488,Rauman Satama,Rauman Satama Oy - Port of Rauma,FI
3489,VTGSK,Retrack Slovakia s.r.o.,SK
3490,ES,Euroterminal Sławków,PL
3491,ODC,"Ostravská dopravní společnost - Cargo, a.s.",CZ
3492,Hungarian Railway Kft.,Hungarian Railway Korlátolt Felelősségű Társaság,HU
3493,WEG,Werra-Eisenbahnverkehrsgesellschaft mbH,DE
3494,VIASG,VIAS GmbH Transportart Guterverkehr,DE
3495,WISKOL,WISKOL Sp. z o.o.k spolka komandytowa,PL
3496,VIASP,VIAS Passenger,DE
3497,RVV,Regensburger Verkehrsverbund GmbH,DE
3498,Combinant,Combinant NV,BE
3499,CFI,Compagnia Ferroviaria Italiana,IT
3500,KML,Kreisbahn Mansfelder Land GmbH,DE
3501,CTL Maczki-Bór S.A.,CTL Maczki-Bór Spólka Akcyjna (Incorporate),PL
3502,SSB,Spitzke Spoorbouw BV,NL
3503,NAVILAND,NAVILAND Cargo,FR
3504,Rail Force One,Rail Force One B.V.,NL
3505,GPM NSN,Grand Port Maritime de Nantes St Nazaire ,FR
3506,RAS,Rail Asset Services NV,BE
3507,Port Atlantique La Rochelle,Grand Port Maritime La Rochelle ,FR
3508,Port of Hanko Ltd,Hangon Satama - Hangö Hamn Oy Ab,FI
3509,RET,"Rotterdamse Electrische Tram NV, afgekort R.E.T. NV",NL
3510,BTE,BTE BahnTouristikExpress GmbH,DE
3511,Ports de Paris,Port Autonome de Paris ,FR
3512,Captrain Espana,Captrain Espana S.A.U.,ES
3513,GTSR,GTS Rail S.p.A.,IT
3514,KTL GmbH,KTL Kombi-Terminal Ludwigshafen GmbH,DE
3515,ERC,Euro Rail Cargo,LV
3516,Port of Oulu Ltd,Oulun Satama Oy,FI
3517,ROGL,Rail Operations Group,GB
3518,LokoTrain,LokoTrain s.r.o.,CZ
3519,RTB-A,RTB Cargo Austria GmbH,AT
3520,ZAO North Eastern Asia,ZAO Railway Corporation 'North Eastern Asia' Jilin Province,CN
3521,AWR,AWRail,IT
3522,IGR,"I.G.Rail, spol. s.r.o.",SK
3523,DS VASUT Kft,DS VASÚT Vasúti Szolgáltató és Fuvarozó Korlátolt Felelősségű Társaság,HU
3524,Arriva SK,Arriva Service s.r.o.,SK
3525,FER,Ferrovie Emilia Romagna ,IT
3526,ABRN,Abellio Rail NRW GmbH,DE
3527,LTE CH,LTE Schweiz GmbH,CH
3528,EBT,Emons Bahntransporte GmbH,DE
3529,DP,Dinazanno PO SpA,IT
3530,Aurora,Aurora Rail Oy,FI
3531,TRARR,Transagent Rail d.o.o,HR
3532,MAVN,MÁV Nosztalgia Ltd.,HU
3533,Vasútvill Kft.,Vasútvillamositó Korlátolt Felelősségű Társaság,HU
3534,ČR-SSHR,Česka republica - Správa státních hmotných rezerv,CZ
3535,PMTLK,PMT Linie Kolejowe Sp zo.o.,PL
3536,STRABAG HU,STRABAG Vasútépítő Kft,HU
3537,CPTT,Cargo Przewozy Towarowe Transport Sp. z. o o. SK,PL
3538,RLC,railCare AG,CH
3539,Lineas Netherlands,Lineas Nederland BV,NL
3540,INVG,Ingolstädter Verkehrsgesellschaft mbH,DE
3541,SP SE,SPITZKE SE,DE
3542,SLG,SLG SPITZKE LOGISTIK GmbH Eisenbahnverkehrsunternehmen,DE
3543,PSP AT,PSP  Cargo Group Austria Ges.m.b.H ,AT
3544,HSL NL,HSL Netherlands B.V.,NL
3545,BSAS,BSAS Eisenbahnverkehrs GmbH & Co. KG,DE
3546,VVW,Verkehrsverbund Warnow GmbH,DE
3547,BB L,Stadtwerke Baden-Baden Verkehrsbetriebe,DE
3548,MTPL,METRANS (Polonia) sp. z o. o. ,PL
3549,ERB,KEOLIS Deutschland GmbH & Co. KG,DE
3550,Tagab,Tågåkeriet i Bergslagen AB,SE
3551,JSC Gargždų geležinkelis,Joint Stock Copmany Gargždų geležinkelis,LT
3552,TX L GmbH,TX Logistik Schweiz GmbH,CH
3553,Keolis,Keolis Nederland,NL
3554,MILLET,MILLET SAS,FR
3555,ARS,ACCIONA Rail Services,ES
3556,ECOT,Ecorail Transport,FR
3557,Kemin Satama,Kemin Satama Oy,FI
3558,RXP,Railexperts B.V.,NL
3559,AŽD,AŽD Praha s.r.o.,CZ
3560,IL,InfraLeuna GmbH,DE
3561,RO-BEU,SC CONSTANTIN GRUP SRL,RO
3562,NHTR,"NH-TRANS, SE",CZ
3563,KOST,"KOS-Trading, a.s.",CZ
3564,HTM,HTM Personenvervoer N.V. ,NL
3565,SWT,SWT Stadtwerke Trier Verkehrs-GmbH,DE
3566,ELV,Eisenbahnlogistik Vienenburg,DE
3567,CM Sp. z o.o.,CARGO Master Sp. z o.o.,PL
3568,BL24,Bahnlogistik24 GmbH,DE
3569,MEDWAY,Medway - operador ferroviário et logistico de mercadorias sa sucursal en Espana,PT
3570,REGIO CALATORI,REGIO CALATORI S.R.L.,RO
3571,"OAO ""PK ""ZhDS""""",OAO Zheldorservice ,MD
3572,Ferrovie del Sud Est ,Ferrovie del Sud Est e Servizi Automobilistici s.r.l.,IT
3573,RCL GmbH,Rail Cargo Logistics GmbH,AT
3574,OFZ,"OFZ, a.s.",SK
3575,moovel,moovel Group GmbH,DE
3576,BRX,Bartex Spółka z ograniczona odpowiedzialnoscia,PL
3577,TLC,Transport line Cargo,CZ
3578,SL,AB Storstockholms Lokaltrafik,SE
3579,Sersa,Sersa Group AG (Schweiz),CH
3580,RCC-PL,Rail Cargo Carrier - Poland  sp. z o. o.,PL
3581,SITFA,SITFA SpA,IT
3582,Grenland Rail,Grenland Rail AS,NO
3583,SDKD,"SD - Kolejová doprava, a.s.",CZ
3584,LGC CARGO,UAB LGC CARGO,LT
3585,BLSCI,BLS Cargo Italia,IT
3586,BETONPLUS,BETONPLUS Company,AL
3587,JLZR,JELZŐŐR Kft,HU
3588,NCL NEO CARGO LOGISTIC d.o.o.,"NCL NEO CARGO LOGISTIC d.o.o., Beograd, Zvezdara",RS
3589,TRAPI,Trans Rapid s.r.o.,CZ
3590,DMVCR,DMV Cargo Rail EOOD,BG
3591,AKN,AKN Eisenbahn AG,DE
3592,Press,Eisenbahn-Bau- und Betriebsgesellschaft Pressnitztalbahn mbH,DE
3593,Rheinhafen Krefeld,Hafen Krefeld GmbH & Co. KG,DE
3594,Abellio,Abellio GmbH,DE
3595,ALZA CARGO,ALZA CARGO Sp. z.o.o.,PL
3596,STVG,Stauden-Verkehrs-GmbH,DE
3597,TSG,Theaterservice Graz GmbH,AT
3598,OLAVION,Olavion Sp. z.o.o.,PL
3599,LOMA,Lokomotion Austria Gesellschaft für Schienentraktion mbH,AT
3600,MEVAT,MEV Independent Railway Services GmbH,AT
3601,TRL,"Ten Rail, železniški tovorni promet d.o.o.",SI
3602,VVV,Verkehrsverbund Vorarlberg GmbH,AT
3603,PR,Pannon Rail d.o.o.,RS
3604,GoAbout,GoAbout B.V.,NL
3605,ETMF,ETMF Transport ,FR
3606,Qbuzz,Qbuzz B.V.,NL
3607,AVG,Albtal-Verkehrs-Gesellschaft mbH ,DE
3608,WLB,WIENER LOKALBAHNEN GmbH ,AT
3609,DB Cargo Belgium,DB Cargo Belgium BVBA,BE
3610,Rail Technika Kft.,Rail Technika Mérnöki Szolgáltató és Kereskedelmi Kft,HU 
3611,Port of Antwerp,Havenbedrijf Antwerpen NV van publiek recht,BE
3612,K-Rail,K-Rail GmbH,de
3613,STB,Steiermarkbahn und Bus GmbH,AT
3614,ZÁHONY-PORT Co,ZÁHONY-PORT Záhonyi Logistics and Load Handling Servicing Company ,HU
3615,RF,Railflex GmbH,DE
3616,LE s.r.o.,Leo Express s.r.o.,CZ
3617,Adriafer,Adriafer s.r.l.,IT
3618,Depol sp.z.o.o.,Przedsiębiorstwo Obrotu Surowcami Wtórnymi „DEPOL” Sp. z o.o.,PL
3619,"""TBD-TP"" JSC","""TBD-Tovarni Prevozi"" JSC",BG
3620,UIRR scrl,Union Internationale pour le Transport Combiné Rail-Route,BE
3621,L&W,Laeger & Wöstenhöfer GmbH & Co.KG,DE
3622,CMO,Cargo Motion s.r.o.,CZ
3624,SFP,Societa Ferroviaria Provvisoria S.C.A.R.L.,IT
3625,Kemira FIN,"Kemira Chemicals Oy, Joutseno",FI
3626,GVB,GVB Exploitatie BV,NL
3627,Lineas Deutschland,Lineas Deutschland GmbH,DE
3628,Lineas Italia,Lineas Italia SRL,IT
3629,Lineas Netherland,Lineas Nederland BV ,NL
3630,Hit Rail,Hit Rail BV,NL
3631,Logserv,Logistik Service GmbH.,AT
3632,SwRail,Swietelsky Rail CZ s.r.o.,CZ
3633,OR,Ouestrail SAS,FR
3634,DTVG,Deutschlandtarifverbund GmbH,DE
3635,VTG CH (ex AAEC),VTG Schweiz GmbH (ex AAEC),CH
3636,SRA,S-Rail GmbH,DE
3637,Duisburg Hafen AG,Duisburg Hafen AG,DE
3638,VIA,VIAMONT Servis as ,CZ
3639,SEZEV REKO as,SEZEV REKO as,CZ
3640,LC ,Lafarge Cement,CZ
3641,LG,"Lokalka Group, spolek ",CZ
3642,RCAS,Railway Capital as ,CZ
3643,OLDOP,OLOMOUCKA DOPRAVNI sro,CZ
3644,SZD,"Slezske zemske drahy, o.p.s",CZ
3645,ERC.D,European Railway Company Deutschland GmbH,DE
3646,FIRESTA a.s.,"FIRESTA - Fiser, rekonstrukce, stavby a.s.",CZ
3647,Dutch Software,The Dutch Software Company B.V.,NL
3648,KK,KK-provoz a opravy lok. s.r.o,CZ
3649,WTT ,WTT s.r.o.,CZ
3651,PDCS,"PEDASTA dopravni stavby, s.r.o",CZ
3652,WSBA,WAGON SERVICE travel s.r.o.,SK
3653,RCCRo,SC Rail Cargo Carrier Romania SRL,RO
3654,RCC BX,Rail Cargo Carrier Benelux NV,NL
3655,ENNA TRANSPORT,ENNA TRANSPORT d.o.o. za prijevoz tereta,HR
3656,NIR,Northern Ireland Railways Company Limited,GB
3657,REKOP,REKOP s.r.o.,CZ
3658,RPKM s.r.o.,RPKM s.r.o.,CZ
3659,Orion Kolej,FHU Orion Kolej Krzysztof Warchol,PL
3660,Fabriquartz,Fabriquartz bv,NL
3661,"TRAMO RAIL, a.s.","TRAMO RAIL, a.s.",CZ
3662,Railizer ,Railizer  Gbr,DE
3663,MAV-HEV Co. Ltd.,MAV-HEV Suburban Rail Private Company Limited by Shares,HU
3664,ECS,"EUROVIA CS, a.s.",CZ
3665,Yara Suomi Oy ,"Yara Suomi Oy, Siilinjarven tehtaat",FI
3666,KDS,"Kladenská dopravní a strojní, s. r. o",CZ
3667,DRAKEM s.r.o.,DRAKEM s.r.o.,CZ
3668,HSM OLC,Hrosi stavby Morava a.s.,CZ
3669,TORAMOS,TORAMOS s.r.o.,CZ
3670,CHT PCE,"Chladek a Tintera, Pardubice a.s.",CZ
3671,ER,Eurorail Logistics d.o.o ...,HR 
3672,ERS,Eurorail Logistics d.o.o..,RS
3673,H. Wendel,"Hans Wendel spol. s r.o. & Co., k.s.",CZ
3674,Albametal ,Albametal ,AL
3675,STRABAG Rail ,STRABAG Rail Fahrleitungen GmbH,DE
3676,CERHR,CER Cargo d.o.o.,HR
3677,STAV GmbH,STAV GmbH,DE
3678,RSTL,RST Logistics Sp. z o.o,PL
3679,RIWNL,Sim Boerema BV,NL
3680,Belfry BSS Kft,Belfry BSS Korlatolt Felelossegu Tarsasag ,HU
3681,KPT ,KPT rail s.r.o.,CZ
3682,IDS,IDS Inženýrské a dopravní stavby Olomouc a.s.,CZ
3683,FEDASOLUCIONS,FEDASOLUCIONS AD,AD
3684,ABRM,Abellio Rail Mitteldeutschland GmbH ,DE
3685,LGD,Linde AG,DE
3686,G&G Kft.,G&G Novenyvedelmi es Kereskedelmi Kft.,HU
3687,RUTR,RUTR s.r.o.,CZ
3688,VUZ a.s.,"Vyzkumny Ustav Zeleznicni, a.s. ",CZ
3689,UKL,UKL iT & Logistik GmbH,DE
3690,NIS a.d.,NIS a.d. Novi Sad,RS
3691,TRANSIFER, TRANSIFER,FR
3692,INA,INA - Industrija Nafte d.d.,HR
3693,IRT,IRT Sp. Z.o.o.,PL
3694,Mertz,Mertz Rail AB,SE
3695,SGR,Sangritana S.p.A.,IT
3696,SILVA LS,SILVA LS SP.ZO.O.,PL
3697,CENDIS,CENDIS s.p.,CZ
3698,BLSCI,BLS cargo Italia S.r.l.,IT
3699,HSL CS,"HSL Logistik, s.r.o.",CZ
3700,HBR,Havenbedrijf Rottendam N.V.,NL
3701,DBCL,DB Cargo Logistics GmbH..,DE
3702,SLRS,Salzland Rail Service GmbH,DE
3703,Region Grand Est ,Region  Grand Est ,FR
3704,RSS,Rail Services Slovakia s.r.o,SK
3705,NOR,NOR a.s.,CZ
3706,HRDE,Hector Rail Gmbh,DE
3707,DBCSI,DB Cargo AG.,DE
3708,Eurailscout,Eurailscout Inspection & Analysis B.V. ,NL
3709,EZ Praha,Elektrizace železnic Praha a.s,CZ
3710,MAV FKG Kft.,MAV FKG Felepitmenykarbantarto es Gepjavito Korlatolt Felelossegu Tarsasag,HU
3711,CSP Logitren,CSP Logitren SA,ES
3712,GX Solutions,GX Solutions a.s.,SK
3713,RPB,Railport Brabant BV,NL
3714,KARPIEL ,KARPIEL Sp. z. o.o. ,PL
3715,TRAINSPEED,TRAINSPEED Sp. z. o.o. ,PL
3716,LTE AT,LTE Austria GmbH,AT
3718,MDW,MEDWAY ITALIA SRL,IT
3719,RFG,Regiobahn Fahrbetriebsgesellschaft mbH,DE
3720,FWD GmbH,Forwardis GmbH,DE
3721,FWD SAS,Forwardis SAS,FR
3722,erixx,erixx GmbH,DE
3723,FLEX ,Flex Bahndienstleistungen GmbH,DE
3724,ETFS ,ETF-Services,FR
3725,LET,Leo Express Tenders s.r.o,CZ
3726,RND,RND s.r.o.,CZ
3727,TOP,Transagent Operator d.o.o. Beograd,RS
3728,S Rail,S Rail GmbH,AT
3729,RDC Deutschland,RDC Deutschland GmbH,DE
3730,AZS,RDC AUTOZUG Sylt GmbH,DE
3731,RDC Asset ,RDC Asset GmbH,DE
3732,NTAB,Nordiska Tag AB,SE
3733,GAN,Go Ahead Norge AS,GB
3734,Palettenwerk Middelbeck GmbH,Palettenwerk Middelbeck GmbH,DE
3735,KVV,Karlsruher Verkehrsverbund GmbH,DE
3736,Die Landerbahn CZ,Die Landerbahn CZ s.r.o.,CZ
3737,METSA,Metsa Tissue AB,SE
3738,RAIL STM,RAIL STM Sp zoo,PL
3739,TKFR,RailAdventure France ,FR
3740,KDS2,KDS Kladenska dopravni a strojni s.r.o.,CZ
3741,PEARL S.A.,Piraeus Europe Asia Rail Logistics S.A.,GR
3742,LE-B,Lausitz Energie Bergbau AG,DE
3743,CRAIL,"Continental Rail, S.A.U.",ES
3744,MESEA,mesea,FR
3745,Cargo Wagon,"Cargo Wagon, a.s.",SK
3746,HRP,HAM Rail Port GmbH,DE
3747,Tessta s.r.o.,Tessta s.r.o.,CZ
3748,Lokotrans,Lokotrans d.o.o.,RS
3749,ESGBI,ESG Eisenbahn Service Gesellschaft mbH,DE
3750,DUSS,Deutsche Umschlaggesellschaft Schiene Strasse (DUSS) mbH,DE
3751,ORL,Orion Rail Logistics Sp. Zo.o. sp.k,PL
3752,RJUK,Regiojet UK a.s.,CZ
3753,SOF,SOFISTIK SERVIS s.r.o.,CZ
3754,DESP,Despotija d.o.o.,RS
3755,OWLP,OST-WEST LOGISTIC POLAND sp.z.o.o.,PL
3756,BLSR,BLSR Rail AB,SE
3757,RELOC,RELOC S.A.,RO
3758,MEV CH,MEV Schweiz AG,CH
3759,CFLterminals ,CFLterminals s.a.,LU
3760,STA,STA Sudtiroler Transportstrukturen AG,IT
3761,SST,SamerSeaports et terminals S.r.l. ,IT
3762,RSBG,Rennsteigbahn GmbH and Co KG,DE
3763,SR,smart rail GmbH,DE
3764,Wiencont,Wiencont Container Terminal GmbH,AT
3765,RFC 1,Rail Freight Corridor Rhine-Alpine,DE
3766,RFC 2,Rail Freight Corridor North Sea-Mediterranean,LU
3767,RFC 3,Rail Freight Corridor Scandinavian-Mediterranean,AT
3768,RFC 4,Rail Freight Corridor Atlantic,FR
3769,RFC 5,Rail Freight Corridor Baltic-Adriatic ,IT
3770,RFC 6,Rail Freight Corridor Mediterranean,IT
3771,RFC 7,Rail Freight Corridor Orient/East-Med,HU
3772,RFC 8,Rail Freight Corridor North Sea-Baltic,PL
3773,RFC 9,Rail Freight Corridor Rhine-Danube ,AT
3774,RFC 10,Rail Freight Corridor Alpine-Western Balkan,SI
3775,RFC 11,Rail Freight Corridor Amber,HU
3776,CFL cargo Sverige,CFL cargo Sverige AB,SE
3777,INTPD,Interporto Padova SPA,IT
3778,NeS,Netzwerkbahn Sachsen GmbH,DE
3779,IBAB,Inlandsbanan AB,SE
3780,OUIGO,OUIGO Espana,ES
3781,SJ NORGE,SJ NORGE AS,NO
3782,NSB,Neusiedler Seebahn GmbH,AT
3783,DRSL,Direct Rail Services Limited,GB
3784,MAV KFV Kft,MAV Kozponti Felepitmenyvizsgalo Kft,HU
3785,BRG,Baltic Rail Gate GmbH,DE
3786,ROeEE PV,Raab Odenburg Ebenfurter Eisenbahn AG Personenverkehr,AT
3787,ROeEE Infra,Raab Odenburg Ebenfurter Eisenbahn AG Infrastruktur,AT
3788,LGM,LGM Logistkgesellschaft mbH,DE
3789,ZP ,Zeleznice Pestal s.r.o.,CZ
3790,EPCIN,EP Cargo Invest a.s.,CZ
3791,PT,ProTrain Trafik AB,SE
3792,TWTB,Tourismus und Warnetalbahn GmbH,DE
3793,IPZ,IPZ GmbH,DE
3794,DLG,Franz Plasser Dienstleistungsgesellschaft m.b.H.,AT
3795,WEE,Weser Ems Eisenbahn GmbH,DE
3796,ANAPET,ANAPET ULUSLARARASI NAK.PET.INS.SAN.VE TIC.A.S.,TR
3797,PKPCS,PKP CARGO SERVICE sp. Z o.o.,PL
3798,E-Railconstruct ,E-Railconstruct s.r.o.,CZ
3799,Yara Suomi Oy ,"Yara Suomi Oy, Uudenkaupungin tehtaat",FI
3800,RÖHM,RÖHM GmbH,DE
3801,WFL,Wedler Franz Logistik GmbH & Co.KG,DE
3802,EUWAG,EUROWAGON sp. Z o.o.,PL
3803,NRC,North Rail Ltd,FI
3804,Budamar South,Budamar South s.r.o. ,SK
3805,VVO,Zweckverband Verkehrsverbund Oberelbe,DE
3806,RR,Rabbit Rail s.r.o,CZ
3807,VDA,Vychodoceska draha s.r.o.,CZ
3808,ADE EVU ,ADE Eisenbahnverkehsunternehmen GMBH,DE
3809,TSGA,TAP services Governance Association AISBL,BE
3810,Puerto de Valencia,Port Authority of Valencia,ES
3811,Mertzmix,Mertzmix GmbH & Co. KG,DE
3812,Budamar,Budamar Logistics a.s.,SK
3813,Helrom,Helrom GmbH,DE
3814,OSW,Omnibusbetrieb Siegfried Wilhelm Inhaber Johannes Wilhelm e.K.,DE
3815,TKP Silesia,TKP Silesia Spolka z ograniczona odpowiedzialnoscia Sp. K.,PL
3816,Budamar Innovations,Budamar Innovations a.s.,SK
3817,DVB,Dresdner Verkehrsbetriebe AG,DE
3818,VVV GmbH,Verkehrsverbund Vogtland GmbH,DE
3819,VMS GmbH,Verkehrsverbund Mittelsachsen GmbH,DE
3820,CDCSK,"CD Cargo Slovakia, s.r.o.",SK
3821,GWC,GW Cargo s.r.o.,CZ
3822,Vy Tog,Vy Tog AS ,NO
3823,KMG,KMG - Klagenfurt Mobil GmbH ,AT
3824,Puerto de Huelva,Port Authority of Huelva,ES
3825,Gepard Express,"Gepard Express, SE",CZ
3826,NLR,Nordlandrail GmbH,DE
3827,OBB IT,OBB Italia S.r.l.,IT
3828,BAM,BAM Infra Rail bv,NL
3829,TCA,Terminal Athus Sa,BE
3830,CBR,COMBIRAIL,FR
3831,PRL,Pirell s.r.o.,CZ
3832,EVM,EVM Rail S.r.l.,IT
3833,KORAIL,Korea Railroad Corporation.,KR
3834,VRB,Verkehrsverbund Region Braunschweig GmbH,DE
3835,MAVRT,MAV Rail Tours Kft.,HU
3836,CARBO,CARBO Kohlensaurewerk Hannover GmbH,DE
3837,SVG,Schienenverkehrsgesellschaft mbH,DE
3838,MFDR,MFD Rail GmbH  ,CH
3839,FdG,Ferrovie del Gargano s.r.l,IT
3840,DTF,Dispo-Tf RailGmbH,DE
3841,HANS,Hanseatische Eisenbahn GmbH,DE
3842,DCTG,DCTG GDANSK S.A.,PL
3843,SD,Servicerail Deutschland GmbH,DE
3844,IFTEC,IFTEC GmbH & Co KG,DE
3845,RVSD,Regionalverkehre Start Deutschland GmbH,DE
3846,HISA,Hupac Intermodal SA,CH
3847,BHE,Bremische Hafeneisenbahn ,DE
3848,Go Ahead BW,https://www.tricon-terminal.de/,DE
3849,NXG,National Express Rail GmbH,DE
3850,IV Srl.,Infrastrutture Venete S.r.l.,IT
3851,RALSP,"Rail Support, s.r.o. ",SK
3852,VLR,Valenta Rail s.r.o.,CZ
3853,T.U.A.,Societa Unica di Transporto S.p.A.,IT
3854,BOR,Borealis Polymers Oy,FI
3855,VHID,VHID Vagyonkezelo Kft.,HU
3856,EAV,Ente Autonomo Volturno S.R.L,IT
3857,FT-DI,Ferrotramviaria SpA - Divisione Infrastruttura,IT
3858,CD Cargo Hungary,CD Cargo Hungary Kft.,HU
3859,ZBB,Zababa s.r.o.,CZ
3860,ILSA ,ILSA Intermodalidad de Levante,ES
3861,VTG CZ,Retrack Czeh s.r.o.,CZ
3862,T4T,Train4Train GmbH,DE
3863,TriCon,TriCon Container Terminal GmbH,DE
3864,DB Regio,DB Regio AG,DE
3865,HIB,Kremser Hafen - und Industriebahn GmbH,AT
3866,RIS,Regio Infra Service Sachsen GmbH,DE
3867,ATC,Adria Transport Croatia d.o.o.,HR
3868,RTB Cargo Hungaria ,RTB Cargo Hungaria Szolgaltato Korlatolt Felelossegu Tarsasag,HU
3869,MS railway,MS railway s.r.o.,CZ
3870,RVR,ReViRail CZ s.r.o.,CZ
3871,ELS,ELS Eisenbahn Logistik und Service GmbH,DE
3872,OSB,Oresundsbro Konsortiet,DK
3873,RTB,Rurtalbahn GmbH,DE
3874,PARI,PARI CZ servis s.r.o.,CZ
3875,VRAIL,VRAIL SRL,IT
3876,BahnLog,BahnLog Bahnlogistik & Service GmbH,DE
3877,NeSA,NeSA Eisenbahn-Betriebsgesellschaft Neckar-Schwarzwald-Alb MbH,DE
3878,TFE,Dispo-Tf Education GmbH,DE
3879,PNUIK Krakow Sp. z o.o.,Przedsiebiorstwo Napraw i Utrzymania Infrastruktury Kolejowej w Krakowie Sp. z o.o. ,PL
3880,LRN,JSC LatRailNet,LV
3881,RTL,Rail Transport Logistic d.o.o.,RS
3882,LINZ SERVICE,LINZ SERVICE GmbH Fur Infrastruktur und Kommunale Dienste ,AT
3883,WNXFR,WYNX Freight s.r.o.,CZ
3884,MR,MilletRAil,FR
3885,BEG,Brohltal-Schmalspureisenbahn Betriebs-GmbH,DE
3886,BPESE,BP Europa SE,DE
3887,ETTS,European Train Transport service s.r.o.,CZ
3888,European Sleeper,European Sleeper Cooperatie U.A.,NL
3889,LIS B.V.,Logistics Intermodal Services B.V.,NL
3890,RSVG,Rhein-Sieg-Verkehrsgesellschaft mbH,DE
3891,R360,Rail-360 A.Barthel,CH
3892,DBCAT,DB Cargo Austria GmbH,AT
3893,TSSU,Tiroler Strasse-schiene-Umschlag gmbH ,AT
3894,IRFP e.K.,Institut fur Regional- und Fernverkehrsplanung  ,DE
3895,LOC,LoConnect GmbH,DE
3896,Train Charter Services,Train Charter Services B.V.,NL
3897,Rail Force One Germany ,Rail Force One Germany GmbH,DE
3898,KAUN,Kaunis Holding AB,SE
3899,GW RC,Gebruder Weis Rail Cargo GmbH,AT
3900,Kasasi,Kasasi GmbH,DE
3901,HROCH,HROCHOSTROJ a.s.,CZ
3902,STF,SECURAIL,FR
3903,NOTR,Nordic Train AB,SE
3904,Puerto De Sevilla,Port Authority of Seville,ES
3905,REAL,Real Rail Sweden AB,SE
3906,MDV GmbH,Mitteldeutscher Verkehrsverbund GmbH,DE
3907,TGM,Ticketgoesmobile e.U.,AT
3908,GTT,Gruppo Torinese Trasporti S.p.A,IT
3909,KUK,KUK Kompleksowe Uslugi Kolejowe Sp. z.o.o.,PL
3910,GT Rail ,GT Rail Sp. z.o.o,PL
3911,RCT-BILK,Rail Cargo Terminal - BILK Zrt.,HU
3912,UWR,United Railways SRO,RO
3913,16F,16 FEBRUAR PODGORICA DOO,ME
3914,Moonlight Express,Moonlight Express Travel BV,BE
3915,TVS,Schweizerische Trassenvergabestelle,CH
3916,ANS,SC Ansett Logistics SA,RO
3917,THU,Regionalbahn Thurbo AG,CH
3918,RPRS,Railsystems RP GmbH,DE
3919,SU-T,SUAS Transportation s.r.o. ,CZ
3920,ENORA,ENORAIL,FR
3921,SVG Bus,Sylter Verkehrsgesellschaft,DE
3922,SMO AT,Siemens Mobility Austria GmbH,AT
3923,TFE EU,Time Fret Express ,LU
3924,GETR,Gerhat Train s.r.o,CZ
3925,VIASR,VIAS Rail GmbH,DE
3926,ARBR,Rail ARB s.r.o.,SK
3927,MIL,Milsped GmbH,DE
3928,FER RENT,FER RENT S.r.l. as.u.,IT
3929,RFO FS,Rail Force One Fleet Services,NL
3930,RIG AC,Rail Innovators Group AssetCo,NL
3931,FEROV,FEROVERGNE,FR
3932,ECL GmbH,European Cargo Logistics GmbH,DE
3933,NAHBUS,NAHBUS Nordwestmecklenburg GmbH,DE
3934,SUTS,SUAS Transportation Services s.r.o. ,CZ
3935,Vemango,Vemango GmbH,DE
3936,Railcoop,Railcoop SCIC,FR
3937,FBT,FRACHTBahn Traktion GmbH,AT
3938,TRSAU,TRACCION RAIL S.A.U.,ES
3939,GO Transport,"GO Transport Servicios 2018, S.A.",ES
3940,AVV,Aachener Verkehrsverbund GmbH,DE
3941,VTS,SC Via Terra Spedition SRL,RO
3942,IRC,SC Interregional Calatori SRL,RO
3943,VTT,SC Via Terra Trans SRL,RO
3944,TTX,Trenitalia Tper Scarl,IT
3945,RuG,Rund ums Gleis GmbH,DE
3946,VASD,Voestalpine Stahl Donawitz GmbH,AT
3947,ESL,ESL GmbH Eisenbahnverkehrsunternhemen,DE
3948,GNL,Global Neologistics DOO,RS
3949,RJAT,RegioJet AT GmbH,AT
3950,ASP,Anschlußbahn-Servicegesellschaft Pressnitztalbahn mbH,DE
3951,CN Consult,CN Consult GmbH,DE
3952,NKN,NKN Uslugi Kolejowe Sp. z o.o. ,PL
3953,Te Bo,Bahnoperator Polska Sp. z.o.o.,PL
3954,EF Claisse Rail,SAS Claisse Rail ,FR
3955,LPB,Lok-Partner Betriebsgesellschaft mbH & Co. KG ,DE
3956,RMW,Railservice Mittelweser GmbH,DE
3957,LR,LOG RAIL d.o.o.,HR
3958,OVOE bv,Ostende Vienne Orient Experience bv,BE
3959,T3M,T3M SA,FR
3960,GTE,Grandi Treni espressi S.p.A.,IT
3961,FINFO,Financial Found a.s.,CZ
3962,PIMK,PIMK d.o.o. Dimitrovgrad,RS
3963,Koleje Slaskie,Koleje Slaskie Sp. z o.o.,PL
3964,Go Ahead BY,Go Ahead Bayern GmbH,DE
3965,SR CZ,S-Rail CZ s.r.o.,CZ
3966,FlixTrain,FlixTrain GmbH,DE
3967,Nurmes,Nurmeksen kaupunki,FI
3968,MTRN,MTR Nordic AB,SE
3969,LGSE,Linde Gas Sweden AB,SE
3970,Spark Trade,Spark Trade Producktion AB,SE
3971,GRK,GRK Rail Oy,FI
3972,GRAB,Grenland Rail AB,SE
3973,Dettmer,Dettmer Rail GmbH,DE
3974,VATTZ,voestalpine Turnout Technology Zetlweg GmbH,AT
3975,VARS,voestalpine Railway System GmbH,AT
3976,VASIGAT,voestalpine Signaling Austria GmbH,AT
3977,VART,voestalpine Rail Technology GmbH,AT
3978,VATUB,voestalpine Tubulars GmbH & Co KG,AT
3979,VAWA,voestalpine Wire Austria GmbH,AT
3980,VAWRA,voestalpine Wire Road Austria GmbH,AT
3981,CCT,Combined Cargo Terminals BV,NL
3982,VATE,VATE Rail AB,SE
3983,GRS,Global Rail Solutions SRL,RO
3984,ITAG,Inlandstaget AB,SE
3985,MTRX,MTR Express AB,SE
3986,MTRP,MTR Pendeltagen AB,SE
3987,MTRM,MTR Malartag AB,SE
3988,TFE F,Time Fret Express France ,FR
3989,Oresundstag,Oresundstag AB,SE
3990,RJSK,RegioJet a.s. (SK),SK
3991,IGL,IGL Sp. Z.o.o.Sp.k.  ,PL
3992,SWTT,Swedtrac Trafik AB,SE
3993,MZE,MZ Eisenbahndienstleistungen GmbH,DE
3994,VR Sverige AB,VR Sverige,SE
3995,BRS,BRS sp. z o.o.,PL
3996,Railpolonia ,Railpolonia sp. z o.o.,PL
3997,vlexx,vlexx GmbH,DE
3998,TJF,Tjustbygdens Järnvägsförening,SE
3999,MALAB,Mälardalstrafik MÄLAB AB,SE
4000,GCU,GCU Bureau SPRL,BE
4001,BALFOUR,Balfour Beatty GmbH,AT
4002,CRH,CRH (Wien) GmbH,AT
4003,ETE,European Trans Energy GmbH,AT
4004,EURAILPOOL,Fa. EURAILPOOL GMBH,AT
4005,FELB,Felbermayr Transport- und Hebetechnik GmbH & Co KG,AT
4006,GATXA,GATX Rail Austria GmbH,AT
4007,IF,Innofreight Solutions GmbH,AT
4008,JESSL,Brüder Jessl KG,AT
4010,NOSTA,NOSTA Niederösterreichische Außenhandels-GmbH,AT
4011,PAGAS,PROPANGAS GmbH,AT
4012,RCW,Rail Cargo Wagon - Austria GmbH,AT
4013,RhoBT,Rhomberg Bahntechnik GmbH,AT
4014,SETG,Salzburger EisenbahnTransportLogistik GmbH,AT
4015,SFY,Safety4you Baustellenlogistik GmbH,AT
4016,SWIE,Swietelsky AG,AT
4017,21,Twentyone GmbH,AT
4018,VTGA,VTG Austria Ges.m.b.H.,AT
4019,WWG,Weichenwerk Wörth GmbH,AT
4020,IFB,Inter Ferry Boats SA,BE
4021,RTBCB,RTB CARGO BELGIUM NV,BE
4022,BMDM,bulmarket Rail Cargo Ltd.,BG
4023,ACTSB,ACTS AG,CH
4024,ALCO,"Alcosuisse, Profitcenter der Eidg. Alkoholverwaltung",CH
4025,BSH,Brenntag Schweizerhall AG,CH
4026,CARBA,CARBAGAS,CH
4027,CFPM CH,Compagnie Française de Produits Métallurgiques WASCOSA,CH
4028,CICA,CICA SA,CH
4029,DI,Diversified Investments SA,CH
4030,DRW,Delta Rail Wagon GmbH,CH
4031,FFAG,Furrer Frey AG,CH
4032,HKAG,HASTAG (Zurich) AG,CH
4033,HOLCH,"Holcim (Schweiz) AG, Bahntransporte",CH
4034,HUPAC,HUPAC SA,CH
4035,LBA,Logistikbasis der Armee,CH
4036,LONZA,LONZA AG,CH
4037,MAKI,Makies AG,CH
4038,MARTI,Marti Infra AG,CH
4039,MITRA,Mitrag AG,CH
4040,Novatrans,NOVATRANS,CH
4041,OSAG,Osterwalder St. Gallen AG,CH
4042,OSTRA,Osterwalder Transport AG,CH
4043,Post CH,Post CH AG,CH
4044,RALP,RAlpin AG,CH
4045,RCS,rheinland cargo Schweiz GmbH,CH
4046,SEARS,Sea Rail,CH
4047,SPENO,SPENO INTERNATIONAL S.A.,CH
4048,SWR,SWISSRAIL SA,CH
4050,TFCH,Thommen-Furler AG,CH
4051,TGSA,Transgaz S.A.,CH
4052,TWA CH,TRANSWAGGON Vagon Isletmeleri Ltd. Sti.,CH
4053,VIGIER,Ciments Vigier SA,CH
4054,VTGCH,VTG Schweiz GmbH,CH
4055,WASCO,Wascosa AG,CH
4056,WKAG,Weiacher Kies AG,CH
4057,AGC,"AGC Flat Glass Czech, clen AGC Group",CZ
4058,AWTR,AWT ROSCO a.s.,CZ
4059,CHR,"Cement Hranice, akciová spole?nost",CZ
4060,CMC,"Českomoravský cement, a.s.",CZ
4061,CX,"CEMEX Logistics, s.r.o.",CZ
4062,DEZA,"DEZA, a. s.",CZ
4063,DIAMO,"DIAMO, Staatsbetrieb",CZ
4064,DRK,Lučební závody Draslovka a.s. Kolín,CZ
4065,DSCHT,Duchcovska Svarovna a.s.,CZ
4066,FECZ,Felbermayr Transport- und Hebetechnik spol. s.r.o.,CZ
4067,IDS,IDS - Inzenyrske a dopravni stavby Olomouc a.s.,CZ
4068,IFT,Interfracht s.r.o.,CZ
4069,KEM,Kemwater ProChemie,CZ
4070,KKB,KKB spol. s r.o.,CZ
4071,KS,"KOTOUC ŠTRAMBERK, GmbH",CZ
4072,KVK,"Krkonošské vápenky Kunčice, a.s.",CZ
4073,LC,LAFARGE CEMENT a.s.,CZ
4074,LGCZ,Linde Gas a.s.,CZ
4075,RCO,Railco a.s.,CZ
4076,RMAR,"RAILMAR AGENCY LTD, s.r.o.",CZ
4077,RYKO,RYKO PLUS spol. s r.o.,CZ
4078,SKANS,Skanska a.s,CZ
4079,SKOTR,ŠKODA AUTO a.s.,CZ
4080,SPCH,"Spolek pro chemickou a hutní výrobu, akciová společnost. ",CZ
4081,SSCR,"Sladovny Soufflet CR, a.s.",CZ
4082,STEEL,"VITKOVICE STEEL, a.s.",CZ
4083,TBSM,TREIBACHER SCHLEIFMITTEL Ltd,CZ
4084,VKSWU,"V.K.S. VAGON KOMERC SPEED, spol. s r.o.",CZ
4085,ZXBCZ,ZX-BENET CZ s.r.o.,CZ
4086,ACH,"AlzChem Trostberg GmbH, Standort Hart",DE
4087,AERS,AERS Rail Services GmbH,DE
4088,AHGI,AHG Industry GmbH & Co. KG,DE
4089,AICHER,Aicher Cargo GmbH,DE
4090,AIX,AIXrail GmbH,DE
4091,ALLIC,Air Liquide CO2 Europe GmbH,DE
4092,ALVG,AVG Ascherslebener Verkehrsgesellschaft mbH,DE
4093,ARETZ,Aretz GmbH & Co. KG,DE
4094,ARS,ARS Altmann AG,DE
4095,ATG,DB Cargo Logistics  GmbH,DE
4096,AUDI,AUDI AG,DE
4097,AULOC,Augsburger Localbahn GmbH,DE
4098,BASF SH,BASF Schwarzheide GmbH,DE
4099,BBL,BBL Logistik GmbH,DE
4100,BLG,BLG AutoRail GmbH,DE
4101,BLHA,BL Handel & Logistik GmbH,DE
4102,BLP,BLP Wiebe Logistik GmbH,DE
4103,BOEG,Bocholter Eisenbahn GmbH,DE
4104,BSM,Bahnen der Stadt Monheim GmbH,DE
4105,BUG,BUG Vermietungsgesellschaft mbH,DE
4106,BUVL,B&V Leipzig GmbH,DE
4107,BW,Bundeswehr,DE
4108,CBAG,CargoBeamer AG,DE
4109,CBG,Centralbahn GmbH,DE
4110,CCLG,CC-Logistik GmbH & Co. KG,DE
4111,CHMT,LANXESS Organometallics GmbH,DE
4112,CKD,CHEMIE-KELHEIM GmbH,DE
4113,DBBG,DB Bahnbau Gruppe GmbH,DE
4114,DBFD,DB Fahrwegdienste GmbH,DE
4115,DBSNI,DB Cargo Logistics GmbH (Bereich DBSN),DE
4116,DEGUS,Evonik Degussa GmbH,DE
4117,DH,Dillinger Hütte,DE
4118,DHE,Delmenhorst-Harpstedter Eisenbahn GmbH,DE
4119,DLI,Die-Lei GmbH,DE
4120,DPR,duisport rail GmbH,DE
4121,DRAGA,Drachen-Propangas GmbH,DE
4122,DUDE,D und D Eisenbahngesellschaft mbH,DE
4123,DZLMV,DHL FoodServices GmbH,DE
4124,EEB,Emsländische Eisenbahn GmbH,DE
4125,EGOO,e.g.o.o.,DE
4126,EB,Erfurter Bahn GmbH,DE
4127,SRO,STRABAG Rail Operations GmbH,DE
4128,ELBA,ELBA Logistik GmbH,DE
4129,ENVI,ENVILOC GmbH,DE
4130,ERAIL,Eurailpool GmbH,DE
4131,ERIB,Eiffage Rail Niederlassung der Eiffage Infra-Bau GmbH,DE
4132,ERMD,ERMEWA SA - D,DE
4133,ERR,ERR European Rail Rent GmbH,DE
4135,EWG,Euro Waggon GmbH,DE
4136,FRS,Feldbinder Rail Services GmbH,DE
4137,FVD,FVD - Fahrzeug-Vermietung Duisburg GmbH,DE
4138,FWGS,FELS-Werke GmbH,DE
4139,GATXD,GATX Rail Germany GmbH,DE
4140,GBM,GBM Wiebe Gleisbaumaschinen GmbH,DE
4141,HBAU,Hartung Bau,DE
4142,HBB,Hansebahn Bremen GmbH,DE
4143,HENK,Henkel AG & CO. KGaA,DE
4144,HFM,HFM Managementgesellschaft mbH,DE
4145,HFW,H.F. Wiebe GmbH + Co.KG,DE
4146,HGB,Hessische Güterbahn GmbH,DE
4147,HHPI,Heavy Haul Power International,DE
4148,HMED,Heinrichsmeyer Eisenbahndienstleistungen UB,DE
4149,HRS,Hamburger Rail Service GmbH & Co.KG,DE
4150,HTB,Hörseltalbahn GmbH,DE
4151,HUHL,Hermann UHL e.K.,DE
4152,HWV,Hamburger Waggonvermietung GmbH,DE
4153,HZL,HzL Hohenzollerische Landesbahn AG,DE
4154,IGB,IGB Industriebahn-Gesellschaft mbH,DE
4155,ILM,Ilmebahn GmbH,DE
4156,ITB,ITB Industrietransportgesellschaft mbH Brandenburg,DE
4157,ITLC,ITL Cargo GmbH,DE
4158,JJLG,J.M. Lauff GmbH,DE
4159,JK,Johannes Klinger GmbH und Co KG,DE
4160,JWB,Jade-Weser-Bahn GmbH,DE
4161,KAF,KAF Falkenhahn Bau AG,DE
4162,KCL,KUBE CON logistics GmbH,DE
4163,KHTUG,KHT Know How Transfer U.G.,DE
4164,KOMBI,Kombiverkehr GmbH und Co. KG,DE
4165,KRODE,Kronospan GmbH,DE
4166,KSV,Kompetenz für Schienengebundene Verkehre GmbH,DE
4167,KSW,KSW Kreisbahn Siegen-Wittgenstein GmbH,DE
4168,LANGE,Lange & Co. GmbH,DE
4169,LBHN,L. Brüggemann KG,DE
4170,SBL,Schweerbau Logistik GmbH,DE
4171,LOG,Vossloh Logistics GmbH,DE
4172,LTH,LTH Railservice GmbH,DE
4173,LWC,LWC Lappwaldbahn Cargo GmbH,DE
4174,LWS,LWS Lappwaldbahn Service GmbH,DE
4175,MB,Mansfelder Bergwerksbahn e.V.,DE
4176,MEV DE,MEV Eisenbahn-Verkehrsgesellschaft mbH,DE
4177,MKB,Mindener Kreisbahnen GmbH,DE
4178,MOS,Mosolf Automotive Railway GmbH (MAR),DE
4179,MVG,Märkische Eisenbahngesellschaft mbH,DE
4180,NCS,DAHER PROJECTS GmbH,DE
4181,NEG,neg Niebüll GmbH,DE
4182,NGE,Nordliner Gesellschaft für Eisenbahnverkehr mbH,DE
4183,NIAG,Niederrheinische Verkehrsbetriebe Aktiengesellschaft NIAG,DE
4184,NRS,Nordic Rail Service GmbH,DE
4185,OHE,Osthannoversche Eisenbahnen AG,DE
4186,ORME,On Rail - Gesellschaft für Eisenbahnausrüstung und Zubehör mbH,DE
4187,ORWU,On Rail Gesellschaft für Vermietung und Verwaltung,DE
4188,OVEG,Ostbayerische Verwertungs und Energieerzeugungs Gmbh (OVEG),DE
4189,PCMH,PETROCHEM Mineralöl- Handels Gmbh,DE
4190,PRESS,Eisenbahn-Bau-und Betriebsgesellschaft Pressnitztalbahn mbH,DE
4191,RADVE,RailAdventure GmbH,DE
4192,RAN,Railservice Alexander Neubauer,DE
4193,REB,Rekers Betonwerk GmbH & Co. KG,DE
4194,ROGESA,ROGESA,DE
4195,RTLOG,Rail Time Logistics GmbH,DE
4196,RWLG,Rockwood Lithium GmbH,DE
4197,SBAU,Schweerbau GmbH & Co.KG,DE
4198,SCKL,Schröder und Klaus GmbH und Co. KG,DE
4199,SESAF,SES Aus- und Fortbildung e.K.,DE
4200,SFH,Schienenfahrzeuge Export-Import Handelsgesellschaft mbH - SFH,DE
4201,SGL,SGL-Schienen Gueter Logistik GmbH ,DE
4202,SKLUS,SKL Umschlageservice,DE
4203,SOEG,Sächsisch-Oberlausitzer Eisenbahngesellschaft mbH,DE
4204,STARK,Starkenberger Güterlogistik GmbH,DE
4206,SWEG,SWEG Südwestdeutsche Landesverkehrs-GmbH,DE
4207,SWT,Eisenbahnverkehrsunternehmen Stahlwerk Thüringen,DE
4208,TRG,TRIANGULA Logistik GmbH,DE
4209,TTGGE,Tyczka Gase GmbH,DE
4210,TWA DE,TRANSWAGGON GmbH,DE
4211,UEF,UEF Eisenbahn-Verkehrsgesellschaft mbH,DE
4212,VGH,Verkehrsbetriebe Grafschaft Hoya GmbH,DE
4214,VRCG,Vossloh Rail Center GmbH,DE
4215,VRCK,Voestalpine Track Solutions Königsborn GmbH,DE
4216,VTG,VTG Rail Europe GmbH,DE
4217,VTGD,VTG Aktiengesellschaft,DE
4218,VWE,VERDEN-WALSRODER EISENBAHN GmbH,DE
4219,WFG,Wittfeld GmbH,DE
4220,WHE,Wanne-Herner Eisenbahn und Hafen GmbH,DE
4221,WIDE,RPM Wiebe & Swietelsky GmbH & Co. KG,DE
4222,JMRM,JOSEF MEYER Rail Maintenance GmbH,DE
4223,WVZ,waggon24 GmbH,DE
4224,WWL,Willke Logistik GmbH,DE
4225,ZAS,Zweckverband Abfallverwertung Südostbayern (ZAS),DE
4226,ZAWCO,Zweckverband für Abfallwirtschaft in Nordwest-Oberfranken,DE
4227,ZBAU,Zürcher Bau GmbH,DE
4228,ZPR,Zellstoff und Papierfabrik Rosenthal GmbH,DE
4229,ZVA,Zweckverband Abfallwirtschaft Stadt Erlangen - Landkreis Erlangen-Höchstadt,DE
4230,CTVSA,Cementos Tudela Veguin S.A.,ES
4231,PCVSA,"Pecovasa Renfe Mercancias, Sociedad Mercantil Estatal, SA",ES
4232,SEMAT,"SOCIEDAD DE ESTUDIOS Y EXPLOTACION DE MATERIALAUXILIAR DE TRANSPORTES, S.A.",ES
4233,TRAMESA,TRANSPORTES MIXTOS ESPECIALES SA - TRAMESA,ES
4234,VTGE,VTG Rail Europe GmbH-Sucursal en España,ES
4235,AMAL,Arcelor Atlantique et Lorraine,FR
4236,ATRR,ATIR-RAIL GESTION,FR
4237,ACRE,ALSTOM Crespin SAS,FR
4238,CALCIA,Ciments Calcia,FR
4239,CARGILL,CARGILL France,FR
4240,CFPM,CFPM chez ATIR-RAIL,FR
4241,CNA,COBRENA Achats,FR
4242,E-RAIL,E-RAIL,FR
4243,ETMF,ETMF,FR
4244,EVS,EVS,FR
4245,FIA,Ferrivia,FR
4246,FRT,Ferrotract,FR
4247,GATXF,GATX Rail France SAS,FR
4248,GEFCO FR,GEFCO France SAS,FR
4249,GEFCO SK,GEFCO Rail Slovakia s.r.o,FR
4250,GMTP,Greenmodal Transport,FR
4251,HOLFR,HOLCIM,FR
4252,MFI,MFI SA,FR
4253,MOFR,MONFER France SA,FR
4254,MSSA,MSSA,FR
4255,MXMU,Modalis SAS,FR
4256,NACCO,NACCO S.A.S.,FR
4257,NACCO DE,NACCO GmbH,FR
4258,NACCO UK,NACCO (U.K.) LIMITED,FR
4259,NRSLH,Normandie Rail Services,FR
4260,OFPSO,OFP-Sud Ouest,FR
4261,PEA,PETROCITERNE,FR
4262,PIB,Pichenot - Goupe Eiffage,FR
4263,RDT13,RDT13,FR
4264,ROY,ROY,FR
4265,SGGL,Saint-Gobain Glass Logistics,FR
4266,SGPAM,Saint-Gobain PAM,FR
4267,SGW,SGW (Société de Gérance de Wagons de grande capacité),FR
4268,SOAC,SOCOMAC,FR
4269,SPW,SPW,FR
4270,STSI,STSI (Société de Transports Spéciaux Industriels),FR
4271,STVA,STVA,FR
4272,SUCAQ,Sucre d'Aquitaine,FR
4273,TNI,TN International,FR
4274,TOUAX,"TOUAX SCA, gérant technique de Touax Rail Ltd",FR
4275,TPCF,TPCF,FR
4276,TSO,TSO,FR
4277,VICAT,VICAT Direction Commerciale - Service Etudes et Logistique,FR
4278,VIIA,VIIA,FR
4279,VTGF,VTG France SAS,FR
4280,COLGB,COLAS RAIL Ltd,GB
4281,STVA UK,STVA UK Limited,GB
4282,VTGUK,VTG Rail UK Limited,GB
4283,FFR,F&F - Rail d.o.o.,HR
4284,AVK,Agro-Vagon Kft.,HU
4285,LGHU,Linde Gaz Magyarorszag Zrt.,HU
4286,MASPED,Masped Rt.,HU
4287,MMV,MMV Magyar Maganvasut Zrt.,HU
4288,MOL,MOL Hungarian Oil and Gas Company,HU
4289,PULTRANS  KFT,PULTRANS VASUTI SZALLITMANYOZASI KFT.,HU
4290,ZPORT,ZAHONY-PORT Dienstleistende-Logistik und Ladungs-abfertigungs AG,HU
4291,AMBR,AMBROGIO TRASPORTI SpA,IT
4292,CEMAT,Mercitalia Intermodal S.p.A.,IT
4293,FSLCC,FS LOGISTICA SpA -B.U. CARGO CHEMICAL,IT
4294,GAAL,GIOVANNI AMBROSETTI AUTO LOGISTICA SpA,IT
4295,ISC,Interporto Servizi Cargo S.p.A.,IT
4296,LOTR,LOTRAS srl,IT
4297,LTFBG,Lo.Tra.Fer. Srl,IT
4298,MONF,Monfer Cereali S.r.l.,IT
4299,NOI,Nuovo Operatore Intermodale s.r.l.,IT
4300,OTS,OTS OMNIA TRASPORTI SPECIALI SRL,IT
4301,RONE,CFI LOGISTICS SERVICES,IT
4302,ST,Sistemi Territoriali S.p.A,IT
4303,TRAS,TRASFEIMER Spa,IT
4304,LORRY,LORRY-RAIL,LU
4305,DVVO,Ministry of Defence Movement & Transport Organization,NL
4306,RAILM,Railmotion AG,NL
4307,RRBV,RailRelease BV,NL
4308,SHTR,Shunter Tractie BV,NL
4309,TGBV,Traingroup BV,NL
4310,VARP,voestalpine Railpro BV,NL
4311,VRML,VolkerRail Materieel en Logistiek B.V.,NL
4312,WCB,Wagon Care B.V.,NL
4313,BS,Baneservice AS,NO
4314,CN,CargoNet AS,NO
4315,CEMET,CEMET S.A.,PL
4316,CTLE,CTL Express Sp. z o.o.,PL
4317,CTLK,CTL Kolzap Sp. z o.o.,PL
4318,CTLKP,CTL Kargo Sp.zo.o.,PL
4319,CTLT,CTL Train sp. z o.o.,PL
4320,GAC,Grupa Azoty Chemkol Sp. z o.o.,PL
4321,GATXP,GATX Rail Poland Sp. z o.o.,PL
4322,INKOM,P.W. Inter-Komtrans,PL
4323,JSWL,JSW Logistics Sp. z o.o.,PL
4325,KZCSS,Kopalnie i Zaklady Chemiczne Siarki SIARKOPOL S.A.w Grzybowie,PL
4326,LAUDE,Laude Smart Intermodal S.A.,PL
4327,MKT,Majkoltrans Sp. z o.o.,PL
4328,MPL,Moris Sp. z.o.o.,PL
4329,ORLEN,Polski Koncern Naftowy Orlen Spolka Akcyjna,PL
4330,PCCR,PCC Rokita SA,PL
4331,FEPL,Felbermayr Polska Sp z.o.o.,PL
4332,TWG,Tankwagon Sp. z o.o.,PL
4333,ZACH,Zaklady Azotowe Chorzow Spolka Akcyjna,PL
4334,ZAPUL,Zaklady Azotowe Pulawy SA,PL
4335,ZTK,"Zaklad Transportu Kolejowego ""SIARKOPOL"" Sp. z o.o.",PL
4336,ALROS,SC ALRO S.A. SLATINA,RO
4337,GPRC,GP RAIL CARGO SA,RO
4338,MMVRR,SC MMV Rail Romania SA,RO
4339,OMSRO,S.C. Omsan Logistica S.r.l.,RO
4340,SCTB,SC Transblue SRL,RO
4341,WMN,Wagon Management SRL,RO
4342,MSK,MSK a.d. Kikinda,RS
4343,ALGAS,Autolink Group AS,SE
4344,ALL,Autolink Logistics AB,SE
4345,CAB,Cementa AB,SE
4346,CEN,Celanese Emulsions Norden AB,SE
4347,DUROC,Duroc Rail AB,SE
4348,EMR,EuroMaint Rail,SE
4349,LAAAB,Lundstams Atervinning AB,SE
4350,NK,Nordkalk AB,SE
4351,NR,NetRail AB,SE
4352,RCT,Railcare T AB,SE
4353,RT,Rittgard Trading AB,SE
4354,RUSH,RushRail AB,SE
4355,RX,Rail-X AB,SE
4356,SBP,Svensk Banproduktion,SE
4357,STENA,Stena Recycling AB,SE
4358,SWM,SweMaint AB,SE
4359,TAGAB,Tågåkeriet i Bergslagen AB (Tågab),SE
4360,TRTR,Tracona Trading AB,SE
4361,TWA SE,TRANSWAGGON AB,SE
4362,TXS,TX Logistik Sweden AB,SE
4364,ADRIAK,Adria Kombi d.o.o.,SI
4365,ADRIAT,Adria Transport. d.o.o. (LTD),SI
4366,PKPCISK,PKP Cargo International SK a.s.,SK
4367,AXBSK,AXBenet s.r.o.,SK
4368,DUSLO,Duslo a.s.,SK
4369,EEWSS,"EEWS, spol. s r. o.",SK
4370,EXRA,"Express Wagons, a.s.",SK
4371,FESK,Felbermayr Slovakia s.r.o.,SK
4372,GATXO,Ing. Alica Ovciariková A.O.s.r.o.,SK
4373,HBP,HORNONITRIANSKE BANE zamestnanecká a.s.,SK
4374,JAVYS,"Jadrová a vyrad'ovacia spolocnost', a.s.(JAVYS)",SK
4375,LTSK,LOKO TRANS Slovakia s.r.o.,SK
4376,NCHZ,"FORTISCHEM,a.s.",SK
4377,NOVAL,Nova Leasing a.s.,SK
4378,PPSSK,"Prvá prepravná spolocnost, s.r.o.",SK
4379,RTIW,"Railtrans Wagon, s.r.o.",SK
4380,RVS,"RVS, spol. s r.o.",SK
4381,RWTN,RAJ-WAGON spol. s r.o.,SK
4382,SLOVN,"SLOVNAFT , a.s.",SK
4383,SLVAG,"SLOV-VAGON, a.s.",SK
4384,SOBET,SOBETRA a.s.,SK
4385,SP,"Slovenská pošta, a. s.",SK
4386,TLSSK,TransLog Slovakia a.s.,SK
4387,TPSVK,Transplus (Slovensko) S.r.o.,SK
4388,USSK,"U. S. Steel Košice, s.r.o.",SK
4389,WSSK,"WAGONSERVIS, spol.  s r.o.",SK
4390,ZOS,ZOS Zvolen s.r.o.,SK
4391,ARGU,AR-GÜ Demiryolu Tasima ve Depoculuk A.S.,TR
4392,TRTUR,TRANSTUR Uluslararasi Nakliyat ve Ticaret A.S,TR
4393,IK,Infrakraft Sverige AB ,SE
4920,M-Rail,M-Rail za zeleznicki prevoz robe Krnjesevci,RS
5000,ZRK  DOM,Zakład Robót Komunikacyjnych - DOM w Poznaniu Sp. z o.o.,PL
5001,SVI,sncf Voyages Italia SRL,IT
5002,CLCAL,CL Cargo Logistics Sp. z o.o. ,PL
5003,HSLCH ,HSL Schweiz GmbH,CH
5004,ELLCT,ELLECOSTA SRL,IT
5005,T&C,T&C Sp. z o.o.,PL
5006,Transdev Sverige,Transdev Sverige AB,SE
5007,Ostgotatrafiken,AB Ostgotatrafiken,SE
5008,VRN,Verkehrsverbund Rhein-Neckar GmbH,DE
5009,OBL,OBL Logistic doo Beograd,RS
5010,ABEG,Anhaltinisch-Brandenburgische Eisenbahngesellschaft mbH,DE
5011,SMOK,Svenska Motorvagnsklubben,SE
5012,LTG Cargo Polska,LTG Cargo Polska Sp. Z o.o.,PL
5013,HBC,HBC Hanseatisches Bahn Contor GmbH,DE
5014,Ab Ovo,Ab Ovo Nederland B.V.,NL
5015,CRSA,C Rail Safety ApS,DK
5016,EWG Rail,EWG Rail Plc.,HU
5017,TRVJF,Trafikverket som Jarnvagsforetag,SE
5018,ALSA,ALSA FERROCARRIL SA,ES
5019,Jaxan Group ,Jaxan Group Spolka z Ograniczona Odpowiedzialnoscia ,PL
5020,CCSRO,Commercial Contact SRO,SK
5021,LTE BG,LTE Bulgaria EOOD ,BG
5022,ECS AT,ECS EUROCARGO Speditionsges.m.b.H,AT
5023,Certus,Certus Rail Solutions NV,BE
5024,CT-D,Captrain Deutschland GmbH,DE
5025,STAB,Svensk Tågkraft AB ,SE
5026,DI,DE Infrastruktur GmbH,DE
5027,BRE,Bayerische Regionaleisenbahn GmbH ,DE
5028,DRE,Deutsche Regionaleisenbahn GmbH ,DE
5029,DRE BV,DRE Bahnverkehr GmbH,DE
5030,TAB,Tagfrakt Produktion AB,SE
5031,RV,Region Varmland,SE
5032,FDM REW,FDM REW Damian Zur,PL
5033,DPB,DPB Rail Infra Service GmbH,AT
5034,TMT,TM Togdrift AS,NO
5035,ELLTC,ELLETEC BETRIEBS GmbH,AT
5036,NRC Sverige AB,Nordic Railways construction Sverige AB,SE
5037,BTJB,BLATAGET JERNBANOR AB,SE
5038,SB,Saarbahn GmbH,DE
5039,OOC Oss,OCC Rail B.V.,NL
5040,MTA,Metrans Adria kontejnerski promet d.o.o.,SI
5041,JadeWeserPort,Container Terminal Wilhelmshaven JadeWeserPort-Marketing GmbH & Co. KG,DE
5042,Cabooter Greenport,Cabooter Railterminal Greenport Venlo B.V.,NL
5043,NTS AB,Nordic Tamping Service AB,SE
5044,Atoumod,Syndicat Mixte Atoumod,FR
5045,FlixTrain Sweden,FlixBus Sverige AB,SE
5046,VSTG,Verkehrsverbund Steiermark GmbH,AT
5047,EFR,Eurostar France SAS,FR
5048,TF4,Tenforty2 Rail GmbH,DE
5049,HE,Hitachi Energy Sweden AB,SE
5050,OCD24,Online Cargo Deutschland ,DE
5051,STR,Strukton Rail AB ,SE
5052,Silport,AS Sillamae Sadam,EE
5053,TF,Region Stockholm Trafikforvaltningen,SE
5054,NJ,Nassjo Jarnvagsmuseum,SE
5055,SKAJ,Stockholms Kultursallskap for Anga och Jarnvag,SE
5056,STHAMN,Stockholms Hamnar AB,SE
5057,DVVJ,Stiftelsen Dal-Västra Värmlands Järnväg,SE
5058,ESIFER,Entreprise de Sécurité des Installations ferroviaires,FR
5059,Retrack HU,Retrack Hungaria Kft,HU
5060,Cantus,Cantus Verkehrsgesellschaft mbH,DE
5061,ISD Dunaferr,ISD Dunaferr Danube Steelmill Ltd. ,HU
5062,DVG,Dessauer Verkehrs GmbH,DE
5063,Budamar West,Budamar West GmbH,DE
5064,BJs,Bergslagernas Jarnvagssallskap,SE
5065,FSVJ,Foreningen Sormlands Veteranjarnvag,SE
5066,ČD Cargo Adria d.o.o.,ČD Cargo Adria d.o.o. za usluge ,HR
5067,METRANS Rail sp. z o.o.,METRANS Rail spolka z ograniczona odpowiedzialnoscia,PL
5068,NAB,Norrtag AB,SE
5069,Mobimeo ,Mobimeo GmbH,DE
5070,Sinhron Rail,Sinhron Rail d.o.o. Beograd- Novi Beograd,RS
5071,EUB,Eurobahn GmbH & Co. KG,DE
5072,HSL AT,HSL Logistik Austria GmbH,AT
5073,GAIA,GAIAOSE SA,GR
5074,SHIPPEO ,SHIPPEO SAS,FR
5075,LTE IT,LTE Italia S.r.l.,IT
5076,KOL System ,KOL-System Ciezak Spolka Jawna ,PL
5077,PTMKZ,Pomorskie Towarzystwo Milosnikow Kolei Zelaznych,PL
5078,East West Intermodal,East West Intermodal Logistics Service Provider private Limited Company,HU
5079,RSA,Boliden Milneral AB,SE
5080,PKP Energetyka,PKP Energetyka Spolka Akcyjna,PL
5081,Kotka,Kotkan Kaupunki (city of Kokta Finland),FI
5082,EVRO,EVROINJENERING LTD,BG
5083,TTZ,Tavantolgoi railway LLC,MN
5084,VTSD,Voestalpine Track Solutions Duisburg GmbH,DE
5085,SRT,Smart Rail Traction GmbH,DE
5086,Onrail,Onrail AS,NO
5087,PORR BG,PORR Bulgaria EOOD,BG
5088,OSLO,OSLO SAS ,FR
5089,One Mobility Ticketing ,One Mobility Ticketing GmbH,AT
5090,Vectigalis,Vectigalis d.o.o,SI
5091,Borgir ,Borgir Limited,GB
5092,Kombinirani prijevoz,Kombinirani prijevoz d.o.o.,HR
5093,Bahnkonzept,Bahnkonzept GmbH Deutschland,DE
5094,RIN,Regio Infra Nord-Ost GmbH & Co. KG,DE
5095,TLL Sp. z o.o. Sp.K ,TLL Spolka z ograniczona odpowiedzialnoscia Spolka Komandytowa,PL
5096,RBP GmbH,RBP Rheinische Bahnpersonal- und Verkehrsgesellschaft mbH,DE
5097,UTL AG,Umwelt- und Transportlogistik AG,CH
5098,KPM,Kombinovani Prevoz Montenegro DOO,ME
5099,MTRS,"METRANS Rail Slovakia, s.r.o",SK
5100,SMK,SMK s.r.o.,SK
5101,AS207960,AS207960 Cyfyngedig,GB
5102,VVT,Verkehrsverbund Tirol GesmbH,AT
5103,ENNA Transport SI,ENNA Transport SI d.o.o.,SI
5104,FAIRTIQ,FAIRTIQ AG,CH
5105,YOSARIA TRAINS,"YOSARIA TRAINS, a.s.  ",SK
5106,ENNA BGD,ENNA Transport Bgd,RS
5107,TDRR,Transdev Rhein-Ruhr GmbH,DE
5108,SYTRAL,SYTRAL MOBILITES,FR
5109,BRAG,BauRail AG,CH
5110,Arkema,Arkema B.V.,NL
5111,SNCF Sud Azur,SNCF Sud Azur SAS,FR
5112,CEFSA,Compania Europea Ferroviaria S.A.,ES
5113,LBE,LBE Logistics,FR
5114,LRW,LOGI Railway,FR
5115,SPL,SPL EisenbahnVerkehr GmbH,DE
5116,Altrans Sp. J.,"Altrans Koczerski I., Kobierecki Z., Miloch A., Sarzynski P., Spolka Jawna.",PL
5117,INFRANORD,Infranord AB,SE
5118,ATM BG DOO NOVI BEOGRAD,"ATM BG LIMITED LIABILITY CIE FOR AUTOMATION, ENERGY AND MEASUREMENT TECHNIQUES, BELGRADE (NOVI BEOGRAD)",RS
5119,ROP,Rail Operations SRL,RO
5120,Fairjungle,Fairjungle SAS,FR
5121,SWO,Stadtwerke Osnabruck AG,DE
5122,KTB,Koole Terminals,NL
5123,CTOS,Container Terminal Osnabruck GmbH,DE
5124,GCA W,GCA Wagons,FR
5125,GBXEU,Greenbrier Leasing Europe  B.V.,NL
5126,NOBEG,NordOstBayerischeEisenbahnGesellschaft,DE
5127,Draslovka,Lucebni zavody Draslovka a.s. Kolin,CZ
5128,VSN,VIAS Nederland B.V. ,NL
5129,Bahn PT ,Bahn PT GmbH,DE
5130,KV,Kalmar Veterantag,SE
5131,SSG,SWEG Schienenwege GmbH,DE
5132,ZUGA,Zug Agency s.r.o.,CZ
5133,ENJ,Engelsbergs Norbers Jarnvagshistoriska Forening,SE
5134,AFJ,Arvidsjaurs jarnvagsforening,SE
5135,OUD,"Osoblazska uzkorozchodna draha, o.p.s.",CZ
5136,ContecRail ,Contec Rail Aps,DK
5137,GGL,SC Global Grain Logistics SRL,RO
5138,PRM Kft.,Phoenix Rail Maganvasut Kft.,HU
5139,SAS,Stockholms Anglokssallskap,SE
5140,ADKRS,ADK Rail service s.r.o.,CZ
5141,Belfry PE Kft.,Belfry PE Korlatolt Felelossegu Tarsasag,HU
5142,Midnight Trains ,00H00 SAS,FR
5143,AMCON,AMCON Software GmbH,DE
5144,Alva Yhtiot,Alva Yhtiot Oy ,FI
5145,THC,"Train Hungary Maganvasut KFT, Sucursala Craiova ",RO
5146,OJF,Orsa Jernvagsforening,SE
5147,Arail,Alstom Rail Sweden AB,SE
5148,RNV,DB RegioNetz Verkehrs GmbH,DE
5149,GYSEV CARGOROM,GYSEV CARGOROM srl,RO
5150,TiB,Tag i Bergslagen AB,SE
5151,JVM,Statens Maritima och Transporthistoriska Museer Jarnvagsmuseet,SE
5152,Region Auvergne Rhone Alpes,Region  Auvergne Rhone Alpes,FR
5153,RATH Fleet ,RATH Fleet B.V.,NL
5154,NRFAB,Nordic Re-Finance AB,SE
5155,RC Trans Rail,RC Trans Rail Sp. zo.o. ,PL
5156,FOXFI,FoxRail Logistics Oy,FI
5157,RTR,BTT Rail Terminal Rzepin Spolka z.o.o.,PL
5158,RTE,Reseau de transport d'Electricité,FR
5159,BSVG,Braunschweiger Verkehrs-GmbH,DE
5160,S-Bahn Hamburg,S-Bahn Hamburg GmbH,DE
5161,HEROH ,Rohstoffhandel Heroh GmbH,DE
5162,V-Hid Cargo Zrt ,V-Hid Cargo Zartkoruen Mukodo Reszvenytarsasag,HU
5163,RWX,Rail Wagon Xtra,NL
5164,KUMSK,Moravskoslezsky kraj,CZ
5165,DPWL,DPWorld Liege,BE
5166,GBR,GB Rail spolka z orgraniczona odpowiedzialnoscia,PL
5167,SWV,Stadtwerke Viernheim GmbH,DE
5168,POVED,Plzensky organizator verejne dopravy,CZ
5169,ecco-rail Kft,ecco-rail Korlatolt Felelossegu Tarsasag,HU
5170,ABFL,Aktiv Bus Flensburg GmbH,DE
5171,Gijon Port Auth.,Gijon Port Authority,ES
5172,koveb,Koblenzer Verkehrsbetriebe GmbH,DE
5173,NASA GmbH,Nahverkehrsservice Sachsen-Anhalt GmbH,DE
5174,VCT,Via Cargo Technika Sp.  z o.o. ,PL
5175,TMI,Terminali Italia SrL,IT
5176,UTL ,UTL Umwelt- und Transportlogistik GmbH,DE
5177,FriBus,FriBus Inh. Holger Friederichs,DE
5178,NZR,NZ Rail s.r.o.,SK
5179,NGMA,NoHAB GM Foundation,HU
5180,UNPAL,Unimot Paliwa Sp. Z o.o,PL
5181,Arcese ,Arcese,IT
5182,TCA Rail ,TCA Rail N.V.,BE
5183,HVB,Harzer Verkehrsbetriebe GmbH,DE
5184,SBB Infrastruktur Baulogistik,Schweizerische Bundesbahnen SBB Infrastruktur Baulogistik,CH
5185,WEG,Wurttembergische Eisenbahn Gesellschaft mbH,DE
5186,SBB Infrastruktur PathOrderTool,Schweizerische Bundesbahnen SBB Infrastruktur,CH
5187,Euskotren,Euskotrenbideak-Ferrocarrilles Vascos S.A.,ES
5188,European Sleeper Exploitatie,European Sleeper Exploitatie B.V.,NL
5189,ZVS,Zweckverband Schonbuchbahn,DE
5190,MfOSJ,Museiforeningen Ostra Skanes Jarnvagar,SE
5191,KRE,KombiRail Europe GmbH,DE
5192,ENNA Logic,ENNA Logic d.o.o.,HR
5193,WEBA,Westerwaldbahn des Kreises Altenkirchen GmbH,DE
5194,DGW,KG Deutsche Gasrusswerke GmbH &Co,DE
5195,Rossbergbahn,Stadt Bad Wurzach,DE
5196,jubu,Jung Bus GmbH,DE
5197,AVV GmbH,Augsburger Verkehrs- und Tarifverbund GmbH,DE
5198,UBB Polska,UBB Polska Sp. z o.o.,PL
5199,UBB ,Usedomer Baderbahn GmbH,DE
5200,HVG,Halberstadter Verkehrs GmbH,DE
5201,Saga Rail ,Saga Rail AB,SE
5202,Meso,Meso and more GmbH,DE
5203,VWG Sommerda,Verwaltungsgesellschaft des OPNV Sommerda mbH,DE
5204,ZVVW,Zweckverband Verkehrsverband Wieslauftalbahn,DE
5205,Griesar ,Griesar Reisen GmbH,DE
5206,SNG,Stadtische Nahverkehrs GmbH Suhl/Zella-Mehlis,DE
5207,LKA,Lodzka Kolej Aglomeracyjna Sp. z o.o. ,PL
5208,SAB,SAB Schwäbische Alb-Bahn GmbH,DE
5209,DVF,DVF SAS,FR
5210,MARS LOGISTICS,Mars Lojistik Uluslararası Taşımacılık Dep. Dağ. ve Tic. A.Ş,TR
5211,Vetter GmbH,Vetter GmbH Omnibus- und Mietwagenbetrieb ,DE
5212,PROMVAGONTRANS,LCC PROMVAGONTRANS,UA
5213,Etihad Rail,Etihad Rail Company - PJSC,AE
5214,GOEVB,Gottinger Verkehrsbetriebe GmbH,DE
5215,SWB GmbH,Schwabische-Wald-Bahn GmbH,DE
5216,TFI,Trasporti Ferroviari Italiani Srl,IT
5217,VGB,Verkehrsgesellschaft Bremerhaven AG,DE
5218,VWG,Verkehr und Wasser GmbH,DE
5219,NAM,Nouvelle-Aquitaine Mobilités,FR
5220,FGC,Ferrocarils de la Generalitat de Catalunya,ES
5221,MBV,Malmbanans Vanner,SE
5222,VGT mbH,Vorbereitungsgesellschaft Transporttechnik mbH,DE
5223,EEX,Europe Express,FR
5224,IGS,IGS Intermodal Container Logistics GmbH,DE
5225,MMM,MaltaMultimodal Limited,MT
5226,CJ,Chemins de fer du Jura,CH
5227,TRAVYS,TRAVYS SA,CH
5228,DW,Dowaldwerke GmbH,DE
5229,Zippel,Konrad Zippel Spediteur GmbH & Co. KG,DE
5230,MBC,Transports de la region Morges Bière Cossonay SA,CH
5231,TransRegio,TransRegio Deutsche Regionalbahn GmbH,DE
5232,NWB,NordWestBahn GmbH,DE
5233,KLOG,KLOG Logistica SA,PT
5234,TPF INFRA,Transports publics fribourgeois TPF INFRA SA,CH
5235,SNCF Etoile Amiens SAS ,SNCF Etoile d'Amiens,FR
5236,TRK AT,Tourismus Region Klagenfurt am Worthersee GMBh,AT
5237,TDH,Transdev Hannover GmbH,DE
5238,LE TRAIN,LE TRAIN SAS,FR
5239,EVU-ATG ,Alstom Transportation Germany GmbH,DE
5240,HBSAG,Hafenbahn Schweiz AG,CH
5241,TRSI,Transdev Rail Sud Inter - Metropoles ,FR
5242,FDM ,FDM REW Sp. z.o.o.,PL
5243,FDM Rail,FDM Rail Sp. z.o.o.,PL
5244,transN,transports publics neuchatelois,CH
5245,WSB,Würzburger Straßenbahn GmbH,DE
5246,Transdev Verkehr,Transdev Verkehr GmbH,DE
5247,RCL DE,Rail Cargo Logistics Germany GmbH,DE
5248,THF,TEHNOTRANS FEROVIAR SRL,RO
5249,SZU,Sihltal Zürich Uetliberg Bahn SZU AG ,CH
5250,SPRI,Sprint Rail Inspeckt Kft,HU
5251,ST,"Sursee-Triengen Bahn, ST",CH
5252,Certis ,Certis Belchim B.V.,DE
5253,Rail&Sea Logistics,Rail&Sea Logistics GmbH,AT
5254,VSE DE,Verein Sächsischer Eisenbahnfreunde e. V.,DE
5255,BRB,Bayerische Regiobahn GmbH,DE
5256,BOB,Bayerische Oberlandbahn GmbH,DE
5257,GRS GmbH,Graf Railservice GmbH,AT
5258,Zubacka ,Zubacka provoz s.r.o.,CZ
5259,PJSC Kryukovsky RCBW,Kryukovsky Railway Car Building Works Public Joint Stock Company,UA
5260,VIAS,VIAS Y CONSTRUCCIONES SA,ES
5261,Train Europe Kft.,Train Europe Korlatolt Felelossegu Tarsasag,HU
5262,APROPORT,CCI Metropole de Bourgogne,FR
5263,VSN GmbH,Verkehrsverbund Sud Niedersachsen GmbH,DE
5264,Aprixon,Aprixon Information Services GmbH,DE
5265,Eglo,Eglo Leuchten GmbH,AT
5266,TRClinic,Train-Clinic Kft,HU
5267,CARGOWAY,CARGOWAY SP. z.o.o.,PL
5268,Z&C logistica,Z&C logistica srl,IT
5269,PORR AUSTRIARAIL,PORR AUSTRIARAIL GMBH,AT
5270,SNCF V LO,SNCF Voyageurs Loire Ocean,FR
5271,MDWBE,Medway Belgium NV,BE
5272,ERMI,Ermewa Iberica,ES
5273,HLB,HLB Hessenbahn GmbH,DE
5274,RSTA,Rail & Sea Traction GmbH,AT
5275,BEF e.V.,Berliner Eisenbahnfreunde e.V.,DE
5276,BOB-FN,Bodensee-Oberschwaben-Bahn GmbH & Co. KG,DE
5277,askeo rail,askeo rail GmbH,DE
5278,FDE,Freightliner DE GmbH,DE
5279,WFB,WestfalenBahn GmbH,DE
5280,VEB,Vulkan-Eifel-Bahn Betriebsgesellschaft mbH,DE
5281,RCCBG,Rail Cargo Carrier Bulgaria EOOD,BG
5282,NBE Nord,nordbahn Verkehrsgesellschaft Nord mbH,DE
5283,NBE Ost West,nordbahn Verkehrsgesellschaft Ost West mbH,DE 
5284,KVG Kiel,KVG Kieler Verkehrsgesellschaft mbH,DE
5285,VLO,VLO Verkehrsgesellschaft Landkreis Osnabruck GmbH,DE
5286,CBC,City-Bahn Chemnitz GmbH,DE
5287,PTD,PTD Czech s.r.o.,CZ
5288,GEVD,Gesellschaft fur Eisenbahnverkehrsdienstleustungen mbH,AT
5289,VLO Bahn,VLO Bahn GmbH,DE
5290,B&M EVU,Bolay & Moser EVU Gmbh,DE
5291,TDRO,"Transdev Mitteldeutschland, Transdev Regio Ost GmbH",DE
5292,Lehmann,Lehmann GmbH,DE
5293,ITX,InterTourex GmbH,DE
5294,bconn,bConn GmbH,DE
5295,TDM,Transdev Mitteldeutschland GmbH,DE
5296,ITR,Intrarail s.r.o.,CZ
5297,STRABAG BL,STRABAG BahnLogistik GmbH,AT
5298,CAFFR,CAF REICHSHOFFEN SAS,FR
5299,NAH.SH,Nahverkehrsverbund Schlessig -Holstein GmbH,DE
5300,FEG,Freiberger,DE
5301,CRX,CRX Software Netherlands B.V.,NL
5302,EHB,Eisenbahn- und Hafen Betriebsgesellschaft Region Osnabruck mbH,DE
5303,DBST,DB Systemtechnik GmbH,DE
5304,S2TF,S2TF Services de Transports et Travaux Ferroviaires,FR
5305,RTH Kft,Rail Transport Hungary Korlatolt felelossegu tarsasag,HU
5306,Bayernhafen,Bayernhafen GmbH &Co. KG,DE
5307,LNRE,Lao National Railway State Enterprise,LA
5308,AMS,"ARRIVA Mobility Solutions, s.r.o.",SK
5309,PNA,PNA SpLtd,BG
5310,TWE,Teutoburger Wald Eisenbahn GmbH,DE
5311,FVE,Farge Vegesacker Eisenbahn Gesellchaft mbH,DE
5312,DNV,DNV Verlag GmbH,DE
5313,ÖBB PR,ÖBB Produktion GmbH,AT
5314,PORTOS,PORTOS sawicki i Perz sp.j.,PL
5315,IMS,Instandhaltung Management Service GmbH,DE
5316,Steam Story Agency,Steam Story Agency s.r.o.,CZ
5317,GEODIS,GEODIS Road Transport,FR
5318,SPNV Nord,Zweckverband Schienenpersonennahverkehr Rheinland-Pfalz Nord ,DE
5319,NVV,Verkehrsverbund und Fördergesellschaft Nordhessen mbH ,DE
5320,EfW,EfW Verkehrsgesellschaft mbH,DE
5321,Gelsen Log,"Gelsenkirchener Logistik-, Hafen- und Servicegesellschaft mbH ",DE
5322,DWK,DWK Drahtwerk Koln GmbH,DE
5323,MEG mbH,Märkische Eisenbahngesellschaft mbH.,DE
5324,GfF,GfF Gesellschaft fur Fahrzeugtechnik mbH,DE
5325,NHAB,Norrkopings Hamn AB,SE
5326,RSC,Rail Service Center Rotterdam B.V.,NL
5327,KOLEJE MALOPOLSKIE,KOLEJE MALOPOLSKIE SP. Z.O.O,PL
5328,ETB,Emmentalbahn GmbH,CH
5329,TAL,Talbot Services GmbH,DE
5330,Kiffe Sohne,Fahrzeugfabrik F. Kiffe Sohne GmbH &Co. KG ,DE
5331,MHP Trade,MHP Trade B.V.,NL
5332,RVB,Regionalverband Grossraum Braunschweig,DE
5333,RLS,Railpool Lokservice GmbH & Co. KG,DE
5334,CMP,Copenhagen Malmö Port,SE
5335,LNVG,Landesnahverkehrsgesellschaft Niedersachsen mbH ,DE
5336,RAILC,Rail-Cars sp. z o.o.,PL
5337,NEB,NEB Betriebsgesellschaft mbH,DE
5338,PTDSK,"PTD SK, druzstvo",SK
5339,MA Group ,MA Group S.p.A.,IT
5340,KPPP,Kabel Premium Pulp & Paper ,DE
5341,BLRA,BL Rail AB,SE
5342,DP Bahn ,Deutsche Privatbahn GmbH,DE
5343,RLGN,Raillog A/S,NO
5344,KHR,Kubler Heavy rail GmbH,DE
5345,RPS,Rail power Systems GmbH,DE
5346,EBL,EBL EisenbahnBetriebsLeistungen GmbH,DE
5347,RTG,RegioTram Gesellschaft mbH,DE
5348,FME e.V.,Frankische Museums Eisenbahn e.V. Nurnberg,DE
5349,CD DUSS,"CD DUSS Terminal, a.s. ",CZ
5350,FKA,FKA Fahrzeugkompetenzzentrum Augsburg GmbH,DE
5351,RNGO,RailNaviGo Kft.,HU
5352,HBN,Hanse Bahn Nord GmbH,DE
5353,LW,Leonhard Weiss GmbH & Co. KG ,DE
5354,RBL,Rail Bavaria Logistik GmbH,DE
5355,HEFHV,Holsteinische Eisenbahngesellschaft für historischen Verkehr gGmbH ,DE
5356,PVT LLC,PVT Limited Liability Company,UA
5357,HISB,Historische S-Bahn e.V.,DE
5358,Strubebau,Hans Strube Gleisbau Hochbau Tiefbau GmbH,DE
5359,HBG,Hafenbetriebsgesellschafft mbH Hildesheim,DE
5360,STREIT,Karl Streit GmbH & Co KG,DE
5361,DJH,Jospeh Hubert Bauunternehmung GmbH & Co. KG,DE
5362,Infraserv Gendorf,Infraserv GmbH & Co. Gendorf KG,DE
5363,KORDIS,"KORDIS JMK, a.s.",CZ
5364,Ecco Rail DE,Ecco Rail DE GmbH,DE
5365,JT,JumboTec GmbH,DE
5366,AWILOG,AWILOG Transport GmbH,DE
5367,FWK,Fahrzeugwerk Karsdorf GmbH & Co KG,DE
5368,TRL GmbH,timberrail logistics GmbH,DE
5369,Railactive LLC,Railctive Limited Liability Companie,UA
5370,KD AB,Kraftdragarna AB,SE
5371,SCHW,Schwalbe Baugesellschaft mbH & Co. KG,DE
5372,K+S,K+S Minerals and Agriculture GmbH,DE
5373,MHEL,"MHEL Müchelner Hoch-, Erd- und Leitungsbau GmbH",DE
5374,ROPID,Regionální organizátor pražské integrované dopravy,CZ
5375,SBS,SWEG Bahn Stuttgart GmbH,DE
5376,FS ITALIANE S.p.A,Ferrovie Dello Stato Italiane S.p.A.,IT
5377,GLRR,Gerhard Lang Recycling GmbH,DE
5378,Pfalzbahn,Pfalzbahn Eisenbahnbetriebsgesellschaft mbH,DE
5379,Mentz,Mentz GmbH,DE
5380,Ferromove,Ferromove SAS,FR
5381,ÖBB TS,ÖBB Technische Services GmbH,AT
5382,STB GmbH,Süd Thüringen Bahn GmbH,DE
5383,HKH,H. Klostermann Baugesellschaft mbH,DE
5384,Evers Umweltpflege,Ulrich Joh. Evers GmbH & Co. KG ,DE
5385,BtmH,Betriebe der Stadt Mulheim ,DE
5386,GOV,GoVolta,NL
5387,Eurosand,Eurosand export AB,SE
5388,BBL C,BBL Consulting GmbH,DE
5389,Arsenale,Arsenale Express S.p.A.,IT
5390,BSK,Baltycki Serwis Kolejowy Sp.z.o.o.,PL
5391,RTM,Régie des transports Métropolitains,FR
5392,NSB GmbH,Naumburger Strassenbahn GmbH,DE
5393,K&W,K&W Mineralölgesellschaft Erfurt mbH ,DE
5394,Transachema,UAB Transachema,LT
5395,BDX Rail,BDX Rail AB,SE
5396,ABTB,Ablachtalbahn,DE
5397,Qnamic,Qnamic AG,CH
5398,VKG,Verkehrsverbund Kärnten GmbH,AT
5399,BDG,BDG Bahnservice und Dienstleistungsgesellschaft mbH & Co. KG,DE
5400,B&S Logistik,B&S  Logistik GmbH,AT
5401,DKB,Diepholzer Kreisbahn EVU GmbH,DE
5402,SGV,Svenska Godsvagnar AB,SE
5403,Menlo79,Menlo79 GmbH,DE
5404,SBB D,SBB GmbH,DE
5405,Stretto ,Stretto SAS,FR
5406,Albert Fischer,Albert Fischer GmbH,DE
5407,ATEF,Entreprise ferroviaire Alstom,FR
5408,GZTR,GAZTRADE JSC,BG
5409,Reg Gavleborg ,Region Gavleborg ,SE
5410,DFS,Dampfbahn Frankische Schweiz e.V.,DE
5411,GSCH,Geiger + Schule Bau GmbH & Co. KG,DE
5412,ERMESR,Ermes Rail,IT
5413,GT ,Good Thing s.r.o.,CZ
5414,MTR Rail,Metrans Rail Netherlands B.V.,NL
5415,CTL Polnoc ,CTL Polnoc Spolka z ograniczona odpowiedzialnoscia,PL
5416,MATT,Matthäi Trimodalbau GmbH & Co. KG,DE
5417,NNG,Norddeutsche Naturstein GmbH,DE
5418,Reederei Baltrum-Linie ,Reederei Baltrum-Linie GmbH,DE
5419,EPCPL,EP Cargo Polska S.A.,PL
5420,BBG,Bahnbetrieb Gera GmbH,DE
5421,REDALSA,REDALSA S.A. S.M.E.,ES
5422,MSM,MSM Gruppe e.K.,DE
5423,FEG mbH,Friesoyther Eisenbahngesellschaft mbH,DE
5424,SBSC,SBS Cargo Praha s.r.o.,CZ
5425,TEC,Train Europe Kft Budapesa - sucursala Craiova,RO
5426,VLCS,"VELKOLOM CERTOVY SCHODY, akciova spolecnost",CZ
5427,SCANR,Scanrail AB,SE
5428,STS logistic,STS logistic Sp z o.o.,PL
5429,TMR SA,Transports de Martigny et Regions SA,CH
5430,APDL,"Administração dos Portos do Douro, Leixões e Viana do Castelo, S.A.",PT
5431,CTL ,Cinerites Transport et Logistique,FR
5432,ART,ALTMANN RAIL TRACTION Srl,IT
5433,JAXAN KOLEJ,JAXAN KOLEJ sp. z o.o.,PL
5434,DAB RAIL,DAB RAIL sp. Z o.o.,PL
5435,NLE,Lausitzbahn GmbH,DE
5436,erixx Holstein,erixx Holstein GmbH,DE
5437,Max Bogl TuG,Max Bogl TuG Transport und Gerate GmbH &Co. KG,DE
5438,RRT Kouvola,RRT Kouvola Oy 6 Railgate Finland,FI
5439,NVBW,Nahverkehrsgesellschaft Baden-Wurttemberg mbH,DE
5440,DUK Dorpen,Dorpener Umschlaggesellschaft fur den kombinierten Verkehr mbH,DE
5441,ZLT,zl-traktion GmbH,DE
5442,RCM GmbH,RCM Rail Care and Management GmbH,DE
5443,HELM,HELM AG,DE
5444,MW RAIL,MW RAIL SA,PL
5445,LT SK,LokoTrain Slovakia s.r.o.,SK
5446,RH,Region Hannover,DE
5447,PaletExpress,PaletExpress s.r.o.,SK
5448,TRI,TRI Train Rental GmbH ,DE
5449,EMS,Kommanditgesellschaft EMS-Gleisbau GmbH & Co.,DE
5450,SBSW,sbs wagon s.r.o.,CZ
5451,SBSWR,sbs wagon rail s.r.o.,CZ
5452,CER Poland Sp. z o.o.,CER Poland Spolka z ograniczona odpowiedzialnoscia ,PL
5453,catkin,catkin GmbH,DE
5454,RO-RLBEU,SC CONSTANTIN GRUP RAIL LOGISTIC SRL,RO
5455,HK,Hans Kaiser GmbH & Co. KG,DE
5456,IGEBA,IGEBA _ Ingenieurgesellschaft Bahn mbH,DE
5457,Kassecker,Franz Kassecker GmbH,DE
5458,SOB T,"Schweizerische Südostbahn AG, Transport EVU",CH
5459,SOB I-TI,"Schweizerische Südostbahn AG, Infrastrukturmanager",CH
5460,SOB I,"Schweizerische Südostbahn AG, Infrastruktur",CH
5461,RBG ,Die Regionenbahn GmbH,DE
5462,KVG,Kahlgrung-Verkehrs-Geselleschaft mbH ,DE
5463,DGT,Duisburg Gateway Terminal GmbH,DE
5464,UniNow,UniNow GmbH,DE
5465,KWGlinde,Kieswerk Glinde Schweder GmbH & Co KG,DE
5466,Arsol,Arsol Aromatics GmbH  & Co. KG,DE
5467,EFC,Eisenbahnfreunde Chemnitztal e.v.,DE
5468,Athos,Athos Rail S.A.,ES
5469,Prefere ,Prefere Paraform GmbH,DE
5470,KTSK GmbH,KTSK Kombi Terminal Schkopau GmbH,DE
5471,Sternico,Sternico GmbH,DE
5472,EVERWELLE,EVERWELLE OU,EE
5473,E 60 Shipping ,E 60 Shipping Line LLC,GE
5474,FS TTI,FS Treni Turistici Italiani S.r.l.,IT
5475,RAILIMPEX,RAILIMPEX doo,RS
5476,VSOE LTD,VENICE SIMPLON ORIENT EXPRESS LTD,FR
5477,TLVG,TrainLog GmbH,DE
5478,RNC,RAIL NET CARGO LTD,BG
5479,TTBG,TT Bulgaria Ltd,BG
5480,Viscaria,Viscaria Kiruna AB,SE
5481,RCCCZ,Rail Cargo Carrier Czech republic,CZ
5482,IDSLR,IDS LogiRail s.r.o.,CZ
5483,RTV,Rail Trans Vagon,RO
5484,Logipart,Logipart Gesellschaft fur Logistik & Dienstleistungen mbH,DE
5485,ELG,ELG GmbH,DE
5486,KTV AD,Cargo Trans Wagon Bulgaria AD,BG
5487,CRT,COLAS RAIL TRACTION ,FR
5488,CONVENSA SA,CONTRATAS Y VENTAS SA,ES
5489,LUGO TERMINAL,LUGO TERMINAL SPA,IT
5490,TransRail Kft.,TransRail Vasúti Fuvarozási és Szolgáltató Korlátolt Felelősségű Társaság,HU
5491,OeBB,Oensingen-Balsthal-Bahn AG,CH
5492,Railport Arad,S.C. Railport Arad S.r.l.,RO
5493,RTL PL,RailTrans Logistics  sp. zo.o. ,PL
5494,CEDROB Cargo,CEDROB Cargo sp. z o.o. ,PL
5495,TPF TRAFIC,Transports publics fribourgeois Trafic (TPF TRAFIC) SA,CH
5496,SLGPL,Service and Logistics Group Sp. zo.o.,PL
5497,ITB GmbH,Ilztalbahn GmbH,DE
5498,UZ Cargo Poland ,Ukrainian Railways Cargo Poland ,PL
5499,agilis E,agilis Eisenbahngesellschaft mbH & Co. KG,DE
5500,HBD,Hering Bahndienste GmbH,DE
5501,LH,LONGITUDE HOLDING SRL,IT
5502,VBB,Verkehrsbetriebe Burgenland Gesellschaft m.b.H.,AT
5503,Bertani Rail,Bertani Trasporti GmbH Deutschland,DE
5504,TMK-TRAIN Kft.,TMK-TRAIN Korlátolt Felelősségű Társaság,HU
5505,AGRNF,Aktiengesellschaft Reederei Norden-Frisia,DE
5506,PIMK Ro,PIMK Rail S.R.L.,RO
5507,Schavemaker Invest,Schavemaker Invest Sp. z o.o.,PL
5508,SBB CF,SBB Cargo France,FR
6100,KHIND,Korea Heavy Industry and Development,KR
6880,DDSV,Duro Dakovic Special vehicles ,HR
7085,Chemoil,Chemoil Logistics AG,CH
7087,VSUK,Voyages SNCF UK Limited,GB
7187,VSB,Voyages SNCF Benelux SPRL,BE
7281,RCC RS ,Rail Cargo Carrier- Serbia d.o.o. ,RS
7287,VSD,Voyages SNCF Deutschland GmbH,DE
7387,VSS,Voyages SNCF Suisse SARL,CH
7487,VSI,Voyages SNCF Italia SRL,IT
7587,VSE,Voyages SNCF Espana SRLU,ES
7824,THM-PZ,"TRAIN HUNGARY MAGÁNVASÚT KFT, Podružnica u Zagrebu za pružanje željezničkih usluga",HR
7881,RCCHR,Rail Cargo Carrier Croatia d.o.o.,HR
7981,RCCSI,"Rail Cargo Carrier, d.o.o.",SI
8987,SIB,SIBELIT S.A.,LU
8999,Connexxion,Connexxion Openbaar Vervoer N.V.,NL
9012,LKAB,LKAB Malmtrafik AB,SE
9901,Eurail B.V.,Eurail B.V.,NL
9902,Eurail Group - management,Eurail Group G.I.E. management,NL
9974,ASTOC,ASTOC Association of Swedish Train Operating Companies Sveriges Tägoperatorer Service AB,SE
